timestamp,u1_temp_water,u1_tds,u1_do,u1_ph,u2_light,u2_o2,u2_temp_air,u2_pressure,u2_altitude,u2_humidity,u2_nh3_air,u2_turbidity
2025-07-27 21:39:27,24.06,399.48,4.62,6.87,2.5,269083.66,26.57,1011.99,10.52,55.01,50.0,0.0
2025-07-27 21:39:37,24.06,399.79,4.64,6.87,2.5,269450.84,26.59,1011.98,10.57,55.02,51.0,0.0
2025-07-27 21:39:47,24.06,399.53,4.66,6.87,2.5,268808.25,26.59,1011.96,10.69,55.02,51.0,0.0
2025-07-27 21:39:57,24.06,399.2,4.64,6.87,2.5,269042.84,26.55,1011.96,10.73,54.78,49.0,0.0
2025-07-27 21:40:07,24.06,399.71,4.64,6.87,2.5,268703.69,26.51,1011.95,10.85,54.82,50.0,0.0
2025-07-27 21:40:17,24.06,399.7,4.66,6.87,2.5,268423.19,26.51,1011.93,10.97,54.85,50.0,0.0
2025-07-27 21:40:27,24.06,399.68,4.66,6.87,2.5,268484.41,26.5,1011.93,11.0,54.87,50.0,0.0
2025-07-27 21:40:37,24.06,399.57,4.66,6.87,2.5,268719.0,26.47,1011.93,10.99,54.89,49.0,0.0
2025-07-27 21:40:47,24.06,399.82,4.64,6.87,2.5,268606.78,26.45,1011.98,10.58,54.92,52.0,0.0
2025-07-27 21:40:57,24.06,399.21,4.68,6.87,2.5,268076.41,26.46,1011.99,10.52,54.95,49.0,0.0
2025-07-27 21:41:07,24.06,399.71,4.66,6.87,2.5,267938.69,26.45,1012.0,10.41,54.99,51.0,0.0
2025-07-27 21:41:17,24.06,399.26,4.68,6.87,2.5,267683.69,26.48,1011.98,10.56,55.13,49.0,0.0
2025-07-27 21:41:27,24.06,399.5,4.7,6.87,2.5,267908.09,26.51,1011.95,10.86,55.1,51.0,0.0
2025-07-27 21:41:37,24.06,399.0,4.7,6.87,2.5,268071.28,26.52,1011.98,10.58,54.83,49.0,0.0
2025-07-27 21:41:47,24.06,399.37,4.68,6.87,2.5,268693.5,26.54,1012.0,10.39,54.83,51.0,0.0
2025-07-27 21:41:57,24.06,399.63,4.7,6.87,2.5,268989.28,26.59,1011.99,10.49,54.81,50.0,0.0
2025-07-27 21:42:07,24.06,399.3,4.7,6.87,2.5,269277.44,26.62,1012.0,10.41,54.85,49.0,0.0
2025-07-27 21:42:17,24.06,398.64,4.72,6.87,2.5,268951.06,26.62,1011.99,10.53,54.76,52.0,0.0
2025-07-27 21:42:27,24.06,399.03,4.68,6.87,2.5,268920.44,26.65,1011.97,10.66,54.66,47.0,0.0
2025-07-27 21:42:37,24.06,398.95,4.7,6.87,2.5,268451.25,26.66,1012.01,10.31,54.65,52.0,0.0
2025-07-27 21:42:47,24.06,398.94,4.66,6.87,2.5,268441.06,26.66,1011.98,10.55,54.53,49.0,0.0
2025-07-27 21:42:58,24.06,398.9,4.7,6.87,2.5,268471.66,26.67,1012.01,10.33,54.58,49.0,0.0
2025-07-27 21:43:08,24.06,399.51,4.7,6.87,2.5,269045.41,26.69,1012.01,10.31,54.45,50.0,0.0
2025-07-27 21:43:18,24.06,398.97,4.68,6.87,2.5,269229.0,26.7,1012.0,10.4,54.51,51.0,0.0
2025-07-27 21:43:28,24.0,400.11,4.68,6.87,2.5,269417.69,26.73,1012.02,10.21,54.35,50.0,0.0
2025-07-27 21:43:38,24.06,399.22,4.68,6.87,2.5,269387.09,26.73,1012.02,10.21,54.31,49.0,0.0
2025-07-27 21:43:48,24.06,399.6,4.7,6.87,2.5,268762.34,26.72,1012.06,9.9,54.36,51.0,0.0
2025-07-27 21:43:58,24.06,399.51,4.66,6.87,2.5,268316.09,26.73,1012.01,10.31,54.28,49.0,0.0
2025-07-27 21:44:08,24.0,400.13,4.68,6.87,2.5,268285.47,26.74,1012.03,10.2,54.28,47.0,0.0
2025-07-27 21:44:18,24.06,399.46,4.68,6.87,2.5,268030.5,26.74,1012.04,10.09,54.24,47.0,0.0
2025-07-27 21:44:28,24.06,399.77,4.68,6.87,2.5,268316.09,26.76,1012.04,10.11,54.29,49.0,0.0
2025-07-27 21:44:38,24.06,399.88,4.68,6.87,2.5,268356.91,26.73,1012.02,10.26,54.11,49.0,0.0
2025-07-27 21:44:48,24.0,400.14,4.68,6.87,2.5,268752.13,26.77,1012.05,9.95,54.18,47.0,0.0
2025-07-27 21:44:58,24.0,400.13,4.68,6.87,2.5,268527.75,26.77,1012.01,10.36,54.08,48.0,0.0
2025-07-27 21:45:08,24.06,399.38,4.64,6.87,2.5,269297.84,26.77,1012.04,10.09,54.12,51.0,0.0
2025-07-27 21:45:18,24.06,399.35,4.66,6.87,2.5,268767.44,26.75,1012.03,10.15,54.03,51.0,0.0
2025-07-27 21:45:28,24.06,399.19,4.66,6.87,2.5,269231.56,26.75,1012.05,9.98,54.14,47.0,0.0
2025-07-27 21:45:38,24.06,399.41,4.68,6.87,2.5,268657.81,26.73,1012.04,10.11,54.17,51.0,0.0
2025-07-27 21:45:48,24.06,398.68,4.66,6.87,2.5,269078.53,26.72,1012.05,10.0,54.09,51.0,0.0
2025-07-27 21:45:58,24.06,399.39,4.64,6.87,2.5,268476.75,26.73,1012.08,9.82,54.09,49.0,0.0
2025-07-27 21:46:08,24.06,399.23,4.68,6.87,2.5,268395.16,26.75,1012.07,9.85,54.08,47.0,0.0
2025-07-27 21:46:18,24.06,398.93,4.64,6.87,2.5,268367.09,26.76,1012.1,9.62,54.01,47.0,0.0
2025-07-27 21:46:28,24.06,399.3,4.66,6.87,2.5,268734.31,26.73,1012.1,9.57,53.87,48.0,0.0
2025-07-27 21:46:38,24.06,399.37,4.62,6.87,2.5,268497.16,26.73,1012.09,9.68,54.0,49.0,0.0
2025-07-27 21:46:48,24.06,399.64,4.64,6.87,2.5,268522.66,26.74,1012.07,9.83,54.03,50.0,0.0
2025-07-27 21:46:58,24.06,399.37,4.62,6.87,2.5,268701.16,26.75,1012.05,9.99,53.92,51.0,0.0
2025-07-27 21:47:08,24.06,399.48,4.62,6.87,2.5,268152.91,26.77,1012.06,9.93,53.88,51.0,0.0
2025-07-27 21:47:18,24.06,400.17,4.62,6.87,2.5,268446.13,26.79,1012.09,9.64,53.89,47.0,0.0
2025-07-27 21:47:28,24.06,399.26,4.6,6.87,2.5,268410.47,26.79,1012.08,9.78,53.77,51.0,0.0
2025-07-27 21:47:38,24.06,400.0,4.6,6.87,2.5,268940.84,26.79,1012.06,9.93,53.73,51.0,0.0
2025-07-27 21:47:48,24.0,398.13,4.6,6.87,2.5,268930.66,26.8,1012.09,9.69,53.67,51.0,0.0
2025-07-27 21:47:58,24.06,398.46,4.59,6.87,2.5,269420.25,26.8,1012.1,9.6,53.64,49.0,0.0
2025-07-27 21:48:08,24.06,399.24,4.6,6.87,2.5,269096.41,26.79,1012.14,9.23,53.59,48.0,0.0
2025-07-27 21:48:18,24.0,399.85,4.59,6.87,2.5,268917.88,26.79,1012.1,9.58,53.66,48.0,0.0
2025-07-27 21:48:28,24.06,398.98,4.6,6.87,2.5,268351.81,26.79,1012.11,9.5,53.74,49.0,0.0
2025-07-27 21:48:38,24.06,399.47,4.59,6.87,2.5,268316.09,26.83,1012.1,9.61,53.76,51.0,0.0
2025-07-27 21:48:48,24.06,399.33,4.57,6.87,2.5,268040.69,26.84,1012.07,9.87,53.66,51.0,0.0
2025-07-27 21:48:58,24.06,398.73,4.6,6.87,2.5,268234.5,26.85,1012.08,9.75,53.58,50.0,0.0
2025-07-27 21:49:08,24.06,399.23,4.59,6.87,2.5,268777.66,26.86,1012.09,9.69,53.57,47.0,0.0
2025-07-27 21:49:18,24.06,399.48,4.59,6.87,2.5,268624.66,26.87,1012.11,9.53,53.46,50.0,0.0
2025-07-27 21:49:28,24.06,400.2,4.6,6.87,2.5,269014.81,26.89,1012.09,9.68,53.41,51.0,0.0
2025-07-27 21:49:38,24.06,399.6,4.6,6.87,2.5,269295.28,26.88,1012.08,9.72,53.34,52.0,0.0
2025-07-27 21:49:48,24.06,400.25,4.6,6.87,2.5,269162.69,26.85,1012.07,9.8,53.38,51.0,0.0
2025-07-27 21:49:58,24.0,400.85,4.62,6.87,2.5,268461.44,26.84,1012.1,9.56,53.36,50.0,0.0
2025-07-27 21:50:08,24.0,400.37,4.62,6.87,2.5,268900.06,26.84,1012.11,9.51,53.38,49.0,0.0
2025-07-27 21:50:18,24.06,398.03,4.66,6.87,2.5,268581.28,26.85,1012.08,9.73,53.38,52.0,0.0
2025-07-27 21:50:28,24.06,400.41,4.64,6.87,2.5,268372.19,26.86,1012.11,9.47,53.35,49.0,0.0
2025-07-27 21:50:38,24.06,400.53,4.68,6.87,2.5,267699.0,26.86,1012.11,9.52,53.34,47.0,0.0
2025-07-27 21:50:48,24.0,400.56,4.7,6.87,2.5,267622.5,26.86,1012.06,9.91,53.31,49.0,0.0
2025-07-27 21:50:58,24.06,399.79,4.72,6.87,2.5,267296.09,26.86,1012.08,9.76,53.37,48.0,0.0
2025-07-27 21:51:08,24.06,400.66,4.72,6.87,2.5,267250.19,26.87,1012.07,9.81,53.28,48.0,0.0
2025-07-27 21:51:18,24.06,400.58,4.73,6.87,2.5,267138.0,26.88,1012.06,9.92,53.32,50.0,0.0
2025-07-27 21:51:28,24.06,400.61,4.73,6.87,2.5,267362.41,26.89,1012.01,10.28,53.25,52.0,0.0
2025-07-27 21:51:38,24.06,400.21,4.72,6.87,2.5,267240.0,26.9,1012.05,10.03,53.25,51.0,0.0
2025-07-27 21:51:48,24.06,400.38,4.72,6.87,2.5,267280.78,26.89,1012.04,10.08,53.12,51.0,0.0
2025-07-27 21:51:58,24.06,400.45,4.73,6.87,2.5,267321.59,26.87,1012.06,9.93,53.1,51.0,0.0
2025-07-27 21:52:08,24.06,400.42,4.72,6.87,2.5,267515.41,26.88,1012.0,10.42,53.09,51.0,0.0
2025-07-27 21:52:18,24.0,400.67,4.7,6.87,2.5,267331.78,26.91,1012.04,10.05,53.06,51.0,0.0
2025-07-27 21:52:28,24.0,401.2,4.7,6.87,2.5,267862.22,26.92,1012.03,10.18,53.01,47.0,0.0
2025-07-27 21:52:38,24.06,400.48,4.7,6.87,2.5,267918.31,26.91,1012.02,10.21,52.96,49.0,0.0
2025-07-27 21:52:48,24.06,400.41,4.7,6.87,2.5,268252.34,26.91,1012.01,10.34,52.93,51.0,0.0
2025-07-27 21:52:58,24.06,400.41,4.72,6.87,2.5,267997.34,26.89,1011.97,10.63,53.03,49.0,0.0
2025-07-27 21:53:08,24.06,400.52,4.7,6.87,2.5,268175.84,26.9,1011.99,10.52,53.08,48.0,0.0
2025-07-27 21:53:18,24.0,400.83,4.7,6.87,2.5,267808.66,26.86,1011.99,10.52,53.12,52.0,0.0
2025-07-27 21:53:28,24.06,400.4,4.7,6.87,2.5,267681.16,26.85,1011.95,10.79,53.04,51.0,0.0
2025-07-27 21:53:38,24.06,400.09,4.68,6.87,2.5,267597.0,26.8,1011.99,10.5,53.28,52.0,0.0
2025-07-27 21:53:48,24.06,399.59,4.68,6.87,2.5,268395.13,26.79,1011.98,10.58,53.32,48.0,0.0
2025-07-27 21:53:58,24.06,400.24,4.66,6.87,2.5,268492.06,26.76,1011.95,10.84,53.36,50.0,0.0
2025-07-27 21:54:08,24.06,399.95,4.66,6.87,2.5,268451.25,26.71,1011.95,10.85,53.32,51.0,0.0
2025-07-27 21:54:18,24.06,399.92,4.7,6.87,2.5,268736.84,26.71,1011.97,10.63,53.47,51.0,0.0
2025-07-27 21:54:28,24.0,400.98,4.7,6.87,2.5,268583.84,26.72,1011.96,10.73,53.43,51.0,0.0
2025-07-27 21:54:38,24.06,400.54,4.7,6.87,2.5,268782.75,26.7,1011.97,10.7,53.47,51.0,0.0
2025-07-27 21:54:48,24.0,401.14,4.72,6.87,2.5,268660.34,26.71,1011.96,10.78,53.58,51.0,0.0
2025-07-27 21:54:58,24.0,401.19,4.73,6.87,2.5,269287.66,26.7,1011.95,10.87,53.49,47.0,0.0
2025-07-27 21:55:08,24.0,400.75,4.73,6.87,2.5,269012.25,26.65,1011.91,11.14,53.47,52.0,0.0
2025-07-27 21:55:18,24.06,400.36,4.75,6.87,2.5,268905.16,26.66,1011.93,11.02,53.58,50.0,0.0
2025-07-27 21:55:28,24.0,400.2,4.79,6.87,2.5,267969.31,26.64,1011.93,10.95,53.48,48.0,0.0
2025-07-27 21:55:38,24.06,400.23,4.77,6.87,2.5,268260.0,26.64,1011.92,11.07,53.73,52.0,0.0
2025-07-27 21:55:48,24.0,400.64,4.77,6.87,2.5,267903.0,26.64,1011.97,10.7,53.69,51.0,0.0
2025-07-27 21:55:58,24.06,400.2,4.79,6.87,2.5,267954.0,26.61,1011.93,11.02,53.51,47.0,0.0
2025-07-27 21:56:08,24.0,400.27,4.77,6.87,2.5,268178.38,26.6,1011.93,10.96,53.78,47.0,0.0
2025-07-27 21:56:18,24.0,399.85,4.75,6.87,2.5,268504.78,26.59,1011.95,10.86,53.63,46.0,0.0
2025-07-27 21:56:28,24.0,400.28,4.73,6.87,2.5,268173.28,26.56,1011.92,11.09,53.6,48.0,0.0
2025-07-27 21:56:38,24.0,400.34,4.73,6.87,2.5,268428.28,26.55,1011.96,10.74,53.87,50.0,0.0
2025-07-27 21:56:48,24.0,400.54,4.73,6.87,2.5,268861.78,26.56,1011.92,11.04,53.77,51.0,0.0
2025-07-27 21:56:58,24.0,400.47,4.72,6.87,2.5,268892.41,26.54,1011.98,10.58,53.65,50.0,0.0
2025-07-27 21:57:08,24.0,399.85,4.73,6.87,2.5,268678.22,26.55,1011.96,10.77,53.71,47.0,0.0
2025-07-27 21:57:18,24.0,400.11,4.75,6.87,2.5,268581.28,26.56,1011.94,10.88,53.67,51.0,0.0
2025-07-27 21:57:28,24.0,399.5,4.75,6.87,2.5,268341.59,26.52,1011.96,10.77,53.51,51.0,0.0
2025-07-27 21:57:38,24.0,399.69,4.73,6.87,2.5,268122.28,26.49,1011.96,10.77,53.59,51.0,0.0
2025-07-27 21:57:48,24.0,400.26,4.73,6.87,2.5,268152.91,26.48,1011.95,10.81,53.63,51.0,0.0
2025-07-27 21:57:58,24.0,400.33,4.72,6.87,2.5,268127.41,26.49,1011.96,10.77,53.71,51.0,0.0
2025-07-27 21:58:08,24.0,400.29,4.72,6.87,2.5,268713.91,26.49,1011.97,10.63,53.63,51.0,0.0
2025-07-27 21:58:18,24.0,399.95,4.72,6.87,2.5,268805.69,26.44,1011.99,10.52,53.68,51.0,0.0
2025-07-27 21:58:28,24.0,400.34,4.72,6.87,2.5,269172.91,26.44,1011.99,10.5,53.76,51.0,0.0
2025-07-27 21:58:38,24.06,398.97,4.72,6.87,2.5,268861.78,26.43,1011.97,10.7,53.79,51.0,0.0
2025-07-27 21:58:48,24.0,400.62,4.7,6.87,2.5,268683.31,26.43,1011.99,10.51,53.81,49.0,0.0
2025-07-27 21:58:58,24.0,399.41,4.72,6.87,2.5,268601.72,26.44,1011.97,10.7,53.84,48.0,0.0
2025-07-27 21:59:08,24.0,400.29,4.73,6.87,2.5,268382.41,26.44,1011.98,10.54,53.81,46.0,0.0
2025-07-27 21:59:18,24.0,400.81,4.72,6.87,2.5,268178.41,26.45,1011.97,10.7,53.79,48.0,0.0
2025-07-27 21:59:28,24.0,400.75,4.7,6.87,2.5,268239.59,26.45,1012.02,10.28,53.7,51.0,0.0
2025-07-27 21:59:38,24.06,399.84,4.7,6.87,2.5,268198.78,26.44,1012.0,10.39,53.61,51.0,0.0
2025-07-27 21:59:48,24.0,400.57,4.72,6.87,2.5,268112.09,26.45,1012.01,10.32,53.56,49.0,0.0
2025-07-27 21:59:59,24.0,399.95,4.72,6.87,2.5,267954.0,26.41,1011.99,10.52,53.6,51.0,0.0
2025-07-27 22:00:09,24.0,400.33,4.72,6.87,2.5,267602.09,26.39,1012.04,10.1,53.72,51.0,0.0
2025-07-27 22:00:19,24.0,400.67,4.73,6.87,2.5,267663.28,26.4,1012.01,10.3,53.76,50.0,0.0
2025-07-27 22:00:29,24.0,400.2,4.75,6.87,2.5,268152.88,26.38,1012.01,10.3,53.73,49.0,0.0
2025-07-27 22:00:39,24.0,400.55,4.73,6.87,2.5,267744.91,26.39,1012.04,10.09,53.68,46.0,0.0
2025-07-27 22:00:49,24.0,400.52,4.75,6.87,2.5,267744.91,26.38,1012.09,9.65,53.6,48.0,0.0
2025-07-27 22:00:59,24.0,400.15,4.75,6.87,2.5,268178.41,26.41,1012.04,10.05,53.84,51.0,0.0
2025-07-27 22:01:09,23.94,400.57,5.27,6.87,2.5,268423.19,26.39,1012.06,9.94,53.64,50.0,0.0
2025-07-27 22:01:19,24.0,400.53,4.77,6.87,2.5,267928.5,26.35,1012.05,9.96,53.67,47.0,0.0
2025-07-27 22:01:29,24.0,400.55,4.75,6.87,2.5,268209.0,26.35,1012.05,10.04,53.65,47.0,0.0
2025-07-27 22:01:39,24.0,399.6,4.73,6.87,2.5,268433.41,26.36,1012.07,9.8,53.67,47.0,0.0
2025-07-27 22:01:49,24.0,400.57,4.77,6.87,2.5,268249.81,26.36,1012.04,10.11,53.82,49.0,0.0
2025-07-27 22:01:59,24.0,400.14,4.73,6.87,2.5,268076.41,26.38,1012.08,9.75,53.78,49.0,0.0
2025-07-27 22:02:09,24.0,400.15,4.73,6.87,2.5,268953.59,26.38,1012.07,9.81,53.66,46.0,0.0
2025-07-27 22:02:19,24.0,400.19,4.73,6.86,2.5,268479.28,26.36,1012.07,9.83,53.68,50.0,0.0
2025-07-27 22:02:29,24.0,400.15,4.75,6.87,2.5,268622.09,26.34,1012.05,10.02,53.85,51.0,0.0
2025-07-27 22:02:39,24.0,400.23,4.75,6.87,2.5,268897.5,26.28,1012.05,9.97,53.77,48.0,0.0
2025-07-27 22:02:49,23.94,400.84,5.23,6.87,2.5,268744.5,26.29,1012.06,9.92,53.85,47.0,0.0
2025-07-27 22:02:59,23.94,400.37,5.23,6.87,2.5,267811.19,26.28,1012.06,9.94,53.81,47.0,0.0
2025-07-27 22:03:09,24.0,400.11,4.73,6.87,2.5,268464.0,26.29,1012.05,9.99,53.77,48.0,0.0
2025-07-27 22:03:19,23.94,400.49,5.23,6.87,2.5,268178.41,26.3,1012.06,9.9,53.83,50.0,0.0
2025-07-27 22:03:29,23.94,400.75,5.23,6.87,2.5,267556.19,26.34,1012.06,9.95,54.0,51.0,0.0
2025-07-27 22:03:39,23.94,400.54,5.23,6.87,2.5,267556.19,26.33,1012.07,9.8,53.79,49.0,0.0
2025-07-27 22:03:49,23.94,400.02,5.23,6.87,2.5,267821.38,26.33,1012.04,10.06,53.7,47.0,0.0
2025-07-27 22:03:59,24.0,400.15,4.72,6.87,2.5,267729.59,26.31,1012.04,10.07,53.73,50.0,0.0
2025-07-27 22:04:09,23.94,400.67,5.23,6.87,2.5,267892.81,26.3,1012.07,9.79,53.71,50.0,0.0
2025-07-27 22:04:19,24.0,399.4,4.73,6.87,2.5,267683.69,26.28,1012.06,9.89,53.79,50.0,0.0
2025-07-27 22:04:29,24.0,399.94,4.75,6.87,2.5,268112.09,26.26,1012.05,10.0,53.74,49.0,0.0
2025-07-27 22:04:39,24.0,399.24,4.72,6.87,2.5,268234.5,26.21,1012.02,10.16,53.87,48.0,0.0
2025-07-27 22:04:49,23.94,400.84,5.23,6.87,2.5,267897.91,26.21,1012.02,10.24,53.98,50.0,0.0
2025-07-27 22:04:59,24.0,400.54,4.77,6.87,2.5,268063.63,26.24,1012.0,10.39,54.0,48.0,0.0
2025-07-27 22:05:09,24.0,401.33,4.73,6.86,2.5,268339.03,26.21,1012.01,10.34,53.97,49.0,0.0
2025-07-27 22:05:19,23.94,401.2,5.29,6.86,2.5,267584.25,26.22,1011.99,10.5,53.99,50.0,0.0
2025-07-27 22:05:29,23.94,401.56,5.31,6.86,2.5,267186.44,26.21,1012.0,10.39,53.92,49.0,0.0
2025-07-27 22:05:39,23.94,400.3,5.21,6.87,2.5,267283.34,26.24,1012.01,10.36,54.2,46.0,0.0
2025-07-27 22:05:49,23.94,400.18,5.25,6.87,2.5,267446.53,26.24,1012.0,10.43,54.12,50.0,0.0
2025-07-27 22:05:59,23.94,400.09,5.23,6.87,2.5,267931.03,26.25,1012.02,10.21,53.95,50.0,0.0
2025-07-27 22:06:09,23.94,399.51,5.21,6.87,2.5,268420.63,26.25,1012.01,10.33,53.9,47.0,0.0
2025-07-27 22:06:19,23.94,400.15,5.21,6.87,2.5,269160.13,26.27,1011.98,10.58,53.96,50.0,0.0
2025-07-27 22:06:29,24.0,399.76,4.73,6.87,2.5,269119.34,26.24,1011.99,10.46,53.82,50.0,0.0
2025-07-27 22:06:39,23.94,399.9,5.21,6.87,2.5,269111.69,26.24,1012.02,10.28,53.77,46.0,0.0
2025-07-27 22:06:49,23.94,400.34,5.19,6.87,2.5,268754.69,26.23,1012.02,10.21,53.78,49.0,0.0
2025-07-27 22:06:59,23.94,400.37,5.21,6.87,2.5,269198.41,26.23,1011.98,10.61,53.78,50.0,0.0
2025-07-27 22:07:09,23.94,400.27,5.21,6.87,2.5,269183.09,26.19,1012.03,10.14,53.89,51.0,0.0
2025-07-27 22:07:19,23.94,400.42,5.19,6.87,2.5,269960.84,26.2,1011.98,10.61,53.8,50.0,0.0
2025-07-27 22:07:29,23.94,400.22,5.19,6.87,2.5,269272.34,26.2,1012.01,10.32,53.76,46.0,0.0
2025-07-27 22:07:39,23.94,400.23,5.19,6.87,2.5,269149.94,26.2,1012.01,10.34,53.88,49.0,0.0
2025-07-27 22:07:49,23.94,400.25,5.21,6.87,2.5,268624.66,26.21,1012.0,10.45,53.83,50.0,0.0
2025-07-27 22:07:59,23.94,400.29,5.21,6.87,2.5,268257.44,26.23,1012.04,10.12,53.88,46.0,0.0
2025-07-27 22:08:09,24.0,399.85,4.68,6.87,2.5,267836.72,26.21,1011.97,10.64,53.82,51.0,0.0
2025-07-27 22:08:19,23.94,400.28,5.19,6.87,2.5,267877.5,26.21,1011.99,10.53,53.82,51.0,0.0
2025-07-27 22:08:29,23.94,399.89,5.19,6.87,2.5,268499.69,26.17,1012.0,10.41,53.75,49.0,0.0
2025-07-27 22:08:39,23.94,400.26,5.19,6.87,2.5,268418.09,26.17,1012.01,10.36,53.74,48.0,0.0
2025-07-27 22:08:49,23.94,400.05,5.21,6.87,2.5,268183.5,26.16,1011.96,10.72,53.8,51.0,0.0
2025-07-27 22:08:59,23.94,399.49,5.21,6.87,2.5,268767.44,26.12,1011.99,10.47,53.8,49.0,0.0
2025-07-27 22:09:09,23.94,400.12,5.23,6.87,2.5,269290.19,26.13,1012.03,10.2,53.94,47.0,0.0
2025-07-27 22:09:19,23.94,399.87,5.19,6.87,2.5,269167.81,26.13,1012.01,10.29,53.94,50.0,0.0
2025-07-27 22:09:29,23.94,399.99,5.19,6.87,1.67,268729.19,26.12,1011.98,10.57,53.97,50.0,0.0
2025-07-27 22:09:39,23.94,399.79,5.21,6.87,2.5,268928.09,26.13,1011.99,10.5,54.0,49.0,0.0
2025-07-27 22:09:49,23.94,399.78,5.19,6.87,2.5,268384.94,26.16,1011.98,10.61,53.94,49.0,0.0
2025-07-27 22:09:59,23.94,400.06,5.21,6.87,2.5,268433.41,26.1,1012.0,10.41,53.78,47.0,0.0
2025-07-27 22:10:09,23.94,399.51,5.21,6.87,2.5,268637.38,26.08,1011.99,10.49,53.86,47.0,0.0
2025-07-27 22:10:19,23.94,400.45,5.19,6.87,2.5,268953.59,26.12,1011.98,10.56,53.92,49.0,0.0
2025-07-27 22:10:29,23.87,400.19,5.23,6.87,2.5,268905.16,26.14,1012.05,10.0,53.94,48.0,0.0
2025-07-27 22:10:39,23.94,400.09,5.23,6.87,2.5,268670.53,26.1,1012.06,9.94,53.86,51.0,0.0
2025-07-27 22:10:49,23.94,400.21,5.23,6.87,2.5,268583.84,26.12,1012.08,9.75,53.86,50.0,0.0
2025-07-27 22:10:59,23.94,400.11,5.23,6.87,2.5,268099.34,26.09,1012.02,10.23,53.82,50.0,0.0
2025-07-27 22:11:09,23.94,399.72,5.23,6.87,2.5,268099.34,26.1,1011.99,10.51,53.9,49.0,0.0
2025-07-27 22:11:19,23.87,399.76,5.21,6.87,2.5,267892.81,26.11,1012.03,10.17,53.91,46.0,0.0
2025-07-27 22:11:29,23.87,400.48,5.23,6.87,2.5,267892.81,26.12,1012.07,9.82,53.95,50.0,0.0
2025-07-27 22:11:39,23.87,400.56,5.23,6.87,2.5,267806.09,26.11,1012.08,9.76,53.91,50.0,0.0
2025-07-27 22:11:49,23.87,399.96,5.21,6.87,2.5,267801.0,26.11,1012.05,9.99,53.97,46.0,0.0
2025-07-27 22:11:59,23.87,400.57,5.25,6.87,2.5,268015.19,26.14,1012.06,9.95,53.96,49.0,0.0
2025-07-27 22:12:09,23.87,400.62,5.25,6.87,2.5,267979.5,26.1,1012.05,10.0,53.88,50.0,0.0
2025-07-27 22:12:19,23.87,400.95,5.21,6.87,2.5,267709.19,26.14,1012.03,10.14,54.0,46.0,0.0
2025-07-27 22:12:29,23.87,400.68,5.23,6.87,2.5,267357.28,26.16,1012.0,10.44,53.92,50.0,0.0
2025-07-27 22:12:39,23.87,400.89,5.23,6.87,2.5,267071.69,26.15,1012.03,10.2,53.81,49.0,0.0
2025-07-27 22:12:49,23.87,400.31,5.21,6.87,2.5,266979.91,26.12,1012.02,10.25,53.87,49.0,0.0
2025-07-27 22:12:59,23.87,400.8,5.21,6.87,2.5,267311.41,26.17,1011.98,10.6,53.89,50.0,0.0
2025-07-27 22:13:09,23.87,400.87,5.21,6.87,2.5,267989.69,26.18,1011.97,10.62,53.8,48.0,0.0
2025-07-27 22:13:19,23.87,400.53,5.19,6.87,2.5,268356.91,26.18,1011.99,10.48,53.76,50.0,0.0
2025-07-27 22:13:29,23.87,400.45,5.19,6.87,2.5,268869.44,26.15,1011.95,10.87,53.71,46.0,0.0
2025-07-27 22:13:39,23.94,399.91,5.19,6.87,2.5,268838.84,26.17,1011.97,10.66,53.8,50.0,0.0
2025-07-27 22:13:49,23.87,400.24,5.19,6.87,2.5,269088.75,26.18,1011.99,10.53,53.72,49.0,0.0
2025-07-27 22:13:59,23.87,400.07,5.17,6.87,2.5,268639.94,26.19,1011.99,10.5,53.77,47.0,0.0
2025-07-27 22:14:09,23.87,399.67,5.21,6.87,2.5,268594.06,26.22,1011.99,10.53,53.73,50.0,0.0
2025-07-27 22:14:19,23.87,400.61,5.17,6.87,2.5,268229.38,26.22,1012.02,10.27,53.62,51.0,0.0
2025-07-27 22:14:29,23.87,400.38,5.19,6.87,2.5,268045.78,26.2,1011.99,10.48,53.57,49.0,0.0
2025-07-27 22:14:39,23.87,400.82,5.19,6.87,2.5,267423.59,26.22,1011.97,10.66,53.69,46.0,0.0
2025-07-27 22:14:49,23.87,400.69,5.17,6.87,2.5,267076.81,26.21,1011.98,10.55,53.54,48.0,0.0
2025-07-27 22:14:59,23.87,400.74,5.21,6.87,2.5,266877.91,26.16,1012.0,10.42,53.61,50.0,0.0
2025-07-27 22:15:09,23.87,400.28,5.17,6.87,2.5,267301.19,26.13,1011.99,10.53,53.64,46.0,0.0
2025-07-27 22:15:19,23.81,401.15,5.15,6.87,2.5,268456.34,26.11,1011.97,10.68,53.65,50.0,0.0
2025-07-27 22:15:29,23.87,400.11,5.12,6.87,2.5,269134.63,26.14,1011.98,10.58,53.63,48.0,0.0
2025-07-27 22:15:39,23.87,400.75,5.15,6.87,2.5,269892.0,26.14,1011.95,10.86,53.71,48.0,0.0
2025-07-27 22:15:49,23.87,400.59,5.17,6.87,2.5,269841.0,26.15,1011.95,10.86,53.7,50.0,0.0
2025-07-27 22:15:59,23.81,401.22,5.15,6.87,2.5,269162.69,26.15,1011.95,10.82,53.65,48.0,0.0
2025-07-27 22:16:09,23.81,400.58,5.11,6.87,2.5,268058.56,26.12,1011.96,10.77,53.62,48.0,0.0
2025-07-27 22:16:19,23.81,401.25,5.15,6.87,2.5,267706.66,26.11,1011.96,10.74,53.65,50.0,0.0
2025-07-27 22:16:29,23.87,400.56,5.12,6.87,2.5,267693.91,26.08,1011.98,10.56,53.63,48.0,0.0
2025-07-27 22:16:39,23.81,401.5,5.12,6.87,2.5,267576.59,26.1,1011.91,11.15,53.64,47.0,0.0
2025-07-27 22:16:49,23.81,401.42,5.08,6.87,2.5,267602.09,26.13,1011.93,11.0,53.65,50.0,0.0
2025-07-27 22:16:59,23.81,401.02,5.11,6.87,2.5,267648.0,26.12,1012.01,10.34,53.72,50.0,0.0
2025-07-27 22:17:09,23.81,401.0,5.08,6.87,2.5,267163.5,26.09,1011.96,10.78,53.63,45.0,0.0
2025-07-27 22:17:19,23.81,400.9,5.06,6.87,2.5,267015.59,26.1,1011.93,10.99,53.72,49.0,0.0
2025-07-27 22:17:30,23.81,400.53,5.06,6.87,2.5,267331.78,26.09,1011.93,11.01,53.68,50.0,0.0
2025-07-27 22:17:40,23.81,401.06,5.08,6.87,2.5,267663.31,26.08,1011.91,11.14,53.61,46.0,0.0
2025-07-27 22:17:50,23.81,400.42,5.08,6.87,2.5,267744.91,26.12,1011.93,10.98,53.66,48.0,0.0
2025-07-27 22:18:00,23.81,400.5,5.02,6.87,2.5,268025.41,26.12,1011.94,10.95,53.58,50.0,0.0
2025-07-27 22:18:10,23.81,400.85,5.04,6.87,2.5,267989.69,26.14,1011.94,10.88,53.59,49.0,0.0
2025-07-27 22:18:20,23.81,400.29,5.04,6.87,2.5,267535.81,26.17,1011.93,11.03,53.6,49.0,0.0
2025-07-27 22:18:30,23.81,400.94,5.0,6.87,2.5,267571.5,26.12,1011.95,10.82,53.49,50.0,0.0
2025-07-27 22:18:40,23.81,400.85,5.04,6.87,2.5,268015.19,26.17,1011.95,10.87,53.67,50.0,0.0
2025-07-27 22:18:50,23.81,400.67,5.02,6.87,2.5,268438.5,26.18,1011.92,11.07,53.5,47.0,0.0
2025-07-27 22:19:00,23.81,400.83,5.02,6.87,2.5,268392.59,26.16,1011.95,10.86,53.42,46.0,0.0
2025-07-27 22:19:10,23.81,400.86,5.02,6.87,2.5,269050.5,26.16,1011.94,10.88,53.44,46.0,0.0
2025-07-27 22:19:20,23.81,400.74,5.02,6.87,2.5,269132.09,26.2,1011.92,11.09,53.51,47.0,0.0
2025-07-27 22:19:30,23.81,400.28,5.0,6.88,2.5,268724.09,26.22,1011.89,11.3,53.54,48.0,0.0
2025-07-27 22:19:40,23.81,399.84,5.04,6.87,2.5,268678.22,26.15,1011.91,11.17,53.38,48.0,0.0
2025-07-27 22:19:50,23.75,400.91,5.02,6.88,2.5,268341.59,26.15,1011.94,10.92,53.4,48.0,0.0
2025-07-27 22:20:00,23.81,400.51,5.02,6.87,2.5,267780.59,26.14,1011.95,10.84,53.33,48.0,0.0
2025-07-27 22:20:10,23.81,400.5,5.02,6.87,2.5,267449.09,26.12,1011.96,10.78,53.38,49.0,0.0
2025-07-27 22:20:20,23.81,399.83,5.02,6.87,2.5,267275.69,26.11,1011.9,11.21,53.44,50.0,0.0
2025-07-27 22:20:30,23.81,400.35,5.02,6.87,2.5,266974.78,26.1,1011.95,10.81,53.48,50.0,0.0
2025-07-27 22:20:40,23.75,400.88,5.04,6.87,2.5,267357.28,26.08,1011.95,10.79,53.37,50.0,0.0
2025-07-27 22:20:50,23.75,401.15,5.04,6.87,2.5,267398.09,26.06,1011.96,10.78,53.45,50.0,0.0
2025-07-27 22:21:00,23.81,401.14,5.06,6.87,2.5,267765.28,26.09,1012.01,10.36,53.61,50.0,0.0
2025-07-27 22:21:10,23.81,400.53,5.0,6.87,2.5,268163.09,26.12,1011.96,10.72,53.58,50.0,0.0
2025-07-27 22:21:20,23.81,400.54,5.04,6.87,2.5,268137.59,26.09,1011.93,10.97,53.41,47.0,0.0
2025-07-27 22:21:30,23.75,401.24,5.02,6.87,2.5,267755.09,26.1,1011.93,10.96,53.43,47.0,0.0
2025-07-27 22:21:40,23.81,400.74,5.02,6.87,2.5,267755.09,26.1,1011.92,11.22,53.41,50.0,0.0
2025-07-27 22:21:50,23.75,400.94,5.0,6.87,2.5,267844.34,26.13,1011.98,10.56,53.46,50.0,0.0
2025-07-27 22:22:00,23.75,401.12,4.98,6.87,2.5,267604.63,26.12,1011.92,11.07,53.41,47.0,0.0
2025-07-27 22:22:10,23.81,400.69,5.0,6.87,2.5,267594.44,26.13,1011.91,11.19,53.39,48.0,0.0
2025-07-27 22:22:20,23.75,401.18,5.02,6.87,2.5,267553.66,26.09,1011.96,10.77,53.3,50.0,0.0
2025-07-27 22:22:30,23.75,401.27,5.0,6.88,2.5,267839.25,26.07,1011.92,11.1,53.43,47.0,0.0
2025-07-27 22:22:40,23.75,400.93,5.0,6.87,2.5,267551.09,26.11,1011.94,10.92,53.4,49.0,0.0
2025-07-27 22:22:50,23.75,401.04,5.04,6.87,2.5,267393.0,26.1,1011.98,10.54,53.3,49.0,0.0
2025-07-27 22:23:00,23.75,400.62,5.0,6.87,2.5,267841.81,26.12,1011.97,10.69,53.41,48.0,0.0
2025-07-27 22:23:10,23.75,401.3,5.0,6.87,2.5,267928.5,26.09,1011.95,10.86,53.28,50.0,0.0
2025-07-27 22:23:20,23.75,400.89,4.98,6.87,2.5,267724.5,26.11,1011.95,10.8,53.44,45.0,0.0
2025-07-27 22:23:30,23.75,401.25,4.98,6.87,2.5,267372.59,26.1,1011.95,10.87,53.3,49.0,0.0
2025-07-27 22:23:40,23.75,400.81,4.96,6.87,2.5,267433.78,26.1,1011.98,10.55,53.38,49.0,0.0
2025-07-27 22:23:50,23.75,400.57,4.98,6.87,2.5,267382.78,26.1,1011.95,10.84,53.36,48.0,0.0
2025-07-27 22:24:00,23.75,401.0,4.94,6.87,2.5,267571.5,26.1,1011.95,10.86,53.4,50.0,0.0
2025-07-27 22:24:10,23.75,401.18,4.98,6.87,2.5,267612.31,26.11,1011.92,11.08,53.36,45.0,0.0
2025-07-27 22:24:20,23.75,400.85,4.98,6.87,2.5,268418.09,26.09,1011.95,10.79,53.29,50.0,0.0
2025-07-27 22:24:30,23.81,400.83,5.0,6.87,2.5,268734.31,26.1,1011.99,10.52,53.24,48.0,0.0
2025-07-27 22:24:40,23.75,400.69,4.96,6.87,2.5,268647.59,26.08,1011.98,10.56,53.25,48.0,0.0
2025-07-27 22:24:50,23.75,401.19,5.0,6.88,2.5,268377.31,26.1,1011.99,10.51,53.37,50.0,0.0
2025-07-27 22:25:00,23.75,401.14,5.02,6.87,2.5,268407.91,26.07,1011.99,10.5,53.32,50.0,0.0
2025-07-27 22:25:10,23.75,400.81,5.04,6.87,2.5,268405.34,26.11,1011.97,10.64,53.39,46.0,0.0
2025-07-27 22:25:20,23.75,401.45,5.08,6.87,2.5,267829.03,26.08,1011.97,10.69,53.2,50.0,0.0
2025-07-27 22:25:30,23.75,401.02,5.06,6.88,2.5,267635.25,26.07,1012.01,10.37,53.19,50.0,0.0
2025-07-27 22:25:40,23.75,401.2,5.06,6.87,2.5,267676.06,26.06,1011.98,10.54,53.37,47.0,0.0
2025-07-27 22:25:50,23.75,401.12,5.06,6.87,2.5,267874.94,26.1,1011.94,10.89,53.33,46.0,0.0
2025-07-27 22:26:00,23.75,401.33,5.06,6.87,2.5,267382.78,26.07,1012.0,10.38,53.27,48.0,0.0
2025-07-27 22:26:10,23.75,401.38,5.02,6.87,2.5,267617.41,26.07,1011.95,10.81,53.23,50.0,0.0
2025-07-27 22:26:20,23.75,401.23,5.02,6.87,2.5,268203.88,26.08,1011.91,11.13,53.17,50.0,0.0
2025-07-27 22:26:30,23.75,400.98,4.98,6.87,2.5,268448.69,26.08,1011.94,10.95,53.17,50.0,0.0
2025-07-27 22:26:40,23.75,400.31,5.0,6.87,2.5,268132.5,26.12,1011.97,10.67,53.28,49.0,0.0
2025-07-27 22:26:50,23.75,401.14,5.02,6.87,2.5,268147.78,26.09,1011.95,10.84,53.15,45.0,0.0
2025-07-27 22:27:00,23.75,400.6,4.98,6.87,2.5,268611.88,26.09,1011.92,11.04,53.06,48.0,0.0
2025-07-27 22:27:10,23.75,400.4,5.02,6.88,2.5,267673.5,26.1,1011.92,11.07,53.1,48.0,0.0
2025-07-27 22:27:20,23.75,400.31,5.0,6.87,2.5,267535.81,26.14,1011.93,11.01,53.08,50.0,0.0
2025-07-27 22:27:30,23.69,401.17,5.0,6.87,2.5,267908.09,26.15,1011.93,10.98,53.01,50.0,0.0
2025-07-27 22:27:40,23.75,400.35,5.0,6.87,2.5,267984.59,26.19,1011.95,10.86,53.17,50.0,0.0
2025-07-27 22:27:50,23.75,400.87,5.02,6.87,2.5,267515.41,26.17,1011.92,11.07,52.95,50.0,0.0
2025-07-27 22:28:00,23.75,400.76,5.02,6.87,2.5,268198.78,26.14,1011.92,11.07,52.88,47.0,0.0
2025-07-27 22:28:10,23.75,401.28,5.02,6.88,2.5,268591.5,26.13,1011.91,11.09,52.92,48.0,0.0
2025-07-27 22:28:20,23.75,400.89,5.02,6.87,2.5,268020.28,26.12,1011.93,11.03,52.94,50.0,0.0
2025-07-27 22:28:30,23.75,400.99,5.02,6.87,2.5,268535.38,26.1,1011.93,10.97,53.04,45.0,0.0
2025-07-27 22:28:40,23.75,400.92,5.04,6.87,2.5,269065.81,26.05,1011.95,10.86,53.0,49.0,0.0
2025-07-27 22:28:50,23.75,400.48,5.04,6.87,2.5,268749.59,26.04,1011.93,10.97,52.99,46.0,0.0
2025-07-27 22:29:00,23.69,401.12,5.0,6.87,2.5,268086.59,26.07,1011.92,11.11,53.06,49.0,0.0
2025-07-27 22:29:10,23.69,401.09,5.04,6.87,2.5,268938.28,26.09,1011.95,10.81,53.09,48.0,0.0
2025-07-27 22:29:20,23.69,400.99,5.04,6.87,2.5,268698.59,26.12,1011.91,11.15,53.03,48.0,0.0
2025-07-27 22:29:30,23.69,401.51,5.04,6.87,2.5,268545.59,26.11,1011.91,11.19,52.94,50.0,0.0
2025-07-27 22:29:40,23.75,400.98,5.06,6.87,2.5,268219.22,26.1,1011.96,10.72,52.95,45.0,0.0
2025-07-27 22:29:50,23.69,401.41,5.02,6.87,2.5,268382.41,26.15,1011.93,11.03,53.06,49.0,0.0
2025-07-27 22:30:00,23.69,401.43,5.04,6.87,2.5,268020.28,26.12,1011.94,10.88,52.87,49.0,0.0
2025-07-27 22:30:10,23.69,401.56,5.04,6.87,2.5,267637.78,26.15,1011.94,10.91,52.85,48.0,0.0
2025-07-27 22:30:20,23.69,401.39,5.06,6.87,2.5,267291.0,26.16,1011.96,10.73,52.81,47.0,0.0
2025-07-27 22:30:30,23.69,401.32,5.04,6.87,2.5,267869.84,26.14,1011.96,10.73,52.76,47.0,0.0
2025-07-27 22:30:40,23.69,401.45,5.04,6.87,2.5,267992.25,26.12,1011.94,10.9,52.72,50.0,0.0
2025-07-27 22:30:50,23.69,401.24,5.04,6.87,2.5,268132.5,26.13,1011.94,10.95,52.84,49.0,0.0
2025-07-27 22:31:00,23.69,401.08,5.04,6.87,2.5,268367.09,26.13,1011.93,10.97,52.75,47.0,0.0
2025-07-27 22:31:10,23.69,401.35,5.06,6.87,2.5,269297.84,26.12,1011.95,10.84,52.69,49.0,0.0
2025-07-27 22:31:20,23.69,401.27,5.04,6.87,2.5,269198.41,26.09,1011.98,10.6,52.73,45.0,0.0
2025-07-27 22:31:30,23.69,400.96,5.06,6.87,2.5,269723.69,26.09,1011.95,10.81,52.81,49.0,0.0
2025-07-27 22:31:40,23.69,401.27,5.08,6.88,2.5,269695.66,26.11,1011.99,10.52,52.79,46.0,0.0
2025-07-27 22:31:50,23.69,400.37,5.06,6.87,2.5,269496.75,26.13,1011.93,10.99,52.84,49.0,0.0
2025-07-27 22:32:00,23.69,401.16,5.0,6.87,2.5,268265.09,26.1,1011.93,11.01,52.8,46.0,0.0
2025-07-27 22:32:10,23.69,401.32,5.04,6.87,2.5,268112.09,26.11,1011.97,10.64,52.87,50.0,0.0
2025-07-27 22:32:20,23.69,400.91,5.04,6.87,2.5,268374.75,26.09,1011.94,10.87,52.88,45.0,0.0
2025-07-27 22:32:30,23.75,400.81,5.04,6.87,2.5,267925.94,26.1,1011.99,10.48,52.94,50.0,0.0
2025-07-27 22:32:40,23.69,401.62,5.04,6.87,2.5,268415.53,26.12,1011.93,11.02,52.84,46.0,0.0
2025-07-27 22:32:50,23.69,400.42,4.98,6.87,2.5,268461.47,26.15,1011.96,10.77,52.84,49.0,0.0
2025-07-27 22:33:00,23.69,401.01,4.98,6.87,2.5,267714.28,26.16,1011.96,10.74,52.91,47.0,0.0
2025-07-27 22:33:10,23.69,401.39,5.02,6.87,2.5,267581.69,26.11,1011.93,10.97,52.96,48.0,0.0
2025-07-27 22:33:20,23.69,401.6,5.0,6.87,2.5,267612.31,26.11,1011.93,11.03,52.75,48.0,0.0
2025-07-27 22:33:30,23.69,400.8,5.02,6.88,2.5,266934.0,26.08,1011.95,10.84,52.72,47.0,0.0
2025-07-27 22:33:40,23.69,401.37,5.0,6.87,2.5,267382.78,26.1,1011.93,11.03,52.89,48.0,0.0
2025-07-27 22:33:50,23.69,401.21,5.0,6.87,2.5,267770.38,26.16,1011.94,10.93,52.79,49.0,0.0
2025-07-27 22:34:00,23.69,401.31,5.02,6.87,2.5,268260.0,26.18,1011.95,10.86,52.75,45.0,0.0
2025-07-27 22:34:10,23.69,401.37,5.0,6.87,2.5,268438.5,26.19,1011.9,11.24,52.66,48.0,0.0
2025-07-27 22:34:20,23.69,400.73,4.98,6.87,2.5,268642.5,26.2,1011.95,10.87,52.57,49.0,0.0
2025-07-27 22:34:30,23.62,401.89,5.02,6.87,2.5,268724.09,26.2,1011.95,10.83,52.6,49.0,0.0
2025-07-27 22:34:40,23.62,401.71,5.02,6.87,2.5,268270.22,26.22,1011.89,11.36,52.61,47.0,0.0
2025-07-27 22:34:50,23.69,401.67,5.08,6.87,2.5,267780.59,26.19,1011.91,11.15,52.51,45.0,0.0
2025-07-27 22:35:00,23.62,401.11,5.02,6.87,2.5,267663.31,26.18,1011.91,11.17,52.49,50.0,0.0
2025-07-27 22:35:10,23.62,400.91,5.02,6.87,2.5,267189.0,26.15,1011.9,11.24,52.52,49.0,0.0
2025-07-27 22:35:21,23.69,400.89,5.06,6.87,2.5,267097.22,26.14,1011.92,11.11,52.43,46.0,0.0
2025-07-27 22:35:31,23.69,401.17,5.04,6.88,2.5,266735.09,26.13,1011.92,11.05,52.48,49.0,0.0
2025-07-27 22:35:41,23.69,400.67,5.04,6.87,2.5,267224.69,26.08,1011.96,10.76,52.51,49.0,0.0
2025-07-27 22:35:51,23.69,401.69,5.06,6.87,2.5,267219.59,26.08,1011.92,11.12,52.57,50.0,0.0
2025-07-27 22:36:01,23.69,401.42,5.02,6.87,2.5,267546.0,26.09,1011.91,11.14,52.59,49.0,0.0
2025-07-27 22:36:11,23.69,401.21,4.98,6.87,2.5,267678.59,26.13,1011.9,11.25,52.61,49.0,0.0
2025-07-27 22:36:21,23.69,400.62,5.04,6.87,2.5,268142.69,26.1,1011.89,11.32,52.6,49.0,0.0
2025-07-27 22:36:31,23.69,400.53,5.06,6.87,2.5,267989.69,26.12,1011.9,11.22,52.59,49.0,0.0
2025-07-27 22:36:41,23.69,401.37,5.02,6.87,2.5,268476.75,26.12,1011.92,11.05,52.55,49.0,0.0
2025-07-27 22:36:51,23.62,401.02,5.04,6.88,2.5,268231.94,26.14,1011.89,11.33,52.6,49.0,0.0
2025-07-27 22:37:01,23.69,401.55,5.06,6.87,2.5,267956.53,26.13,1011.88,11.43,52.58,49.0,0.0
2025-07-27 22:37:11,23.69,401.6,5.02,6.87,2.5,268084.06,26.12,1011.9,11.23,52.54,49.0,0.0
2025-07-27 22:37:21,23.62,402.36,5.08,6.87,2.5,268196.25,26.13,1011.91,11.19,52.62,49.0,0.0
2025-07-27 22:37:31,23.62,402.09,5.04,6.87,2.5,267867.31,26.15,1011.89,11.34,52.5,48.0,0.0
2025-07-27 22:37:41,23.69,401.37,5.02,6.87,2.5,267954.0,26.15,1011.88,11.39,52.49,46.0,0.0
2025-07-27 22:37:51,23.62,402.32,5.0,6.87,2.5,267821.38,26.18,1011.92,11.06,52.56,46.0,0.0
2025-07-27 22:38:01,23.69,401.73,5.02,6.88,2.5,267505.19,26.19,1011.89,11.34,52.41,46.0,0.0
2025-07-27 22:38:11,23.62,401.32,5.08,6.87,2.5,267138.0,26.17,1011.89,11.36,52.37,47.0,0.0
2025-07-27 22:38:21,23.69,401.46,5.08,6.87,2.5,267066.59,26.14,1011.86,11.55,52.35,47.0,0.0
2025-07-27 22:38:31,23.62,401.57,5.08,6.88,2.5,267505.19,26.15,1011.86,11.55,52.35,47.0,0.0
2025-07-27 22:38:41,23.62,402.02,5.0,6.87,2.5,268249.81,26.12,1011.85,11.67,52.36,46.0,0.0
2025-07-27 22:38:51,23.62,402.04,5.06,6.87,2.5,268209.0,26.13,1011.86,11.59,52.39,45.0,0.0
2025-07-27 22:39:01,23.69,401.18,5.04,6.87,2.5,268173.28,26.16,1011.86,11.57,52.5,46.0,0.0
2025-07-27 22:39:11,23.62,401.94,5.08,6.87,2.5,268413.0,26.2,1011.84,11.71,52.48,49.0,0.0
2025-07-27 22:39:21,23.69,401.65,5.06,6.88,2.5,268203.88,26.25,1011.84,11.78,52.53,50.0,0.0
2025-07-27 22:39:31,23.69,401.48,5.02,6.87,2.5,267622.5,26.24,1011.85,11.65,52.44,48.0,0.0
2025-07-27 22:39:41,23.69,401.68,5.02,6.87,2.5,267821.38,26.22,1011.9,11.22,52.29,47.0,0.0
2025-07-27 22:39:51,23.62,402.32,5.06,6.87,2.5,267923.41,26.18,1011.86,11.61,52.2,46.0,0.0
2025-07-27 22:40:01,23.62,402.1,5.04,6.87,2.5,267591.91,26.22,1011.84,11.7,52.38,50.0,0.0
2025-07-27 22:40:11,23.62,401.44,5.08,6.87,2.5,267275.69,26.22,1011.84,11.71,52.28,49.0,0.0
2025-07-27 22:40:21,23.62,401.72,5.06,6.87,2.5,266923.78,26.22,1011.85,11.64,52.22,45.0,0.0
2025-07-27 22:40:31,23.62,401.61,5.12,6.87,2.5,267081.88,26.2,1011.83,11.8,52.22,48.0,0.0
2025-07-27 22:40:41,23.62,401.97,5.12,6.88,2.5,267178.81,26.22,1011.82,11.91,52.26,49.0,0.0
2025-07-27 22:40:51,23.62,401.67,5.11,6.87,2.5,267189.0,26.24,1011.83,11.8,52.2,47.0,0.0
2025-07-27 22:41:01,23.62,401.44,5.17,6.87,2.5,267433.78,26.24,1011.85,11.7,52.14,45.0,0.0
2025-07-27 22:41:11,23.62,401.6,5.15,6.88,2.5,268219.22,26.2,1011.85,11.64,52.09,48.0,0.0
2025-07-27 22:41:21,23.62,401.33,5.17,6.87,2.5,268423.19,26.17,1011.83,11.86,52.03,49.0,0.0
2025-07-27 22:41:31,23.62,401.51,5.12,6.87,2.5,268423.19,26.19,1011.83,11.83,52.16,47.0,0.0
2025-07-27 22:41:41,23.62,402.05,5.15,6.87,2.5,268611.88,26.15,1011.84,11.9,52.08,48.0,0.0
2025-07-27 22:41:51,23.62,402.02,5.11,6.87,2.5,268744.5,26.19,1011.88,11.45,52.29,49.0,0.0
2025-07-27 22:42:01,23.62,402.6,5.15,6.87,2.5,268606.78,26.22,1011.79,12.16,52.27,49.0,0.0
2025-07-27 22:42:11,23.62,401.85,5.21,6.86,2.5,268484.41,26.18,1011.81,11.97,52.16,49.0,0.0
2025-07-27 22:42:21,23.62,401.8,5.12,6.87,2.5,268377.31,26.14,1011.83,11.87,52.12,48.0,0.0
2025-07-27 22:42:31,23.62,402.18,5.17,6.88,2.5,268020.31,26.17,1011.87,11.52,52.16,47.0,0.0
2025-07-27 22:42:41,23.62,401.43,5.19,6.87,2.5,267882.59,26.15,1011.81,11.86,52.13,46.0,0.0
2025-07-27 22:42:51,23.62,402.08,5.17,6.87,2.5,267500.09,26.17,1011.83,11.82,52.17,45.0,0.0
2025-07-27 22:43:01,23.62,402.17,5.19,6.88,2.5,267214.5,26.15,1011.82,11.88,52.11,46.0,0.0
2025-07-27 22:43:11,23.62,401.91,5.19,6.87,2.5,267240.0,26.13,1011.83,11.82,52.21,48.0,0.0
2025-07-27 22:43:21,23.62,402.03,5.15,6.87,2.5,267275.69,26.13,1011.82,11.89,52.23,50.0,0.0
2025-07-27 22:43:31,23.62,401.81,5.15,6.87,2.5,267255.28,26.16,1011.81,11.98,52.33,44.0,0.0
2025-07-27 22:43:41,23.62,401.86,5.11,6.88,2.5,267250.19,26.17,1011.78,12.22,52.16,47.0,0.0
2025-07-27 22:43:51,23.62,401.44,5.15,6.87,2.5,267954.0,26.19,1011.83,11.82,52.16,48.0,0.0
2025-07-27 22:44:01,23.62,401.42,5.06,6.87,2.5,267872.41,26.13,1011.8,12.05,52.15,49.0,0.0
2025-07-27 22:44:11,23.62,401.49,5.06,6.87,2.5,268025.41,26.13,1011.82,11.88,52.08,50.0,0.0
2025-07-27 22:44:21,23.62,402.44,5.15,6.87,2.5,267959.09,26.17,1011.8,12.07,52.15,49.0,0.0
2025-07-27 22:44:31,23.62,402.07,5.12,6.87,2.5,268203.88,26.16,1011.8,12.06,52.06,49.0,0.0
2025-07-27 22:44:41,23.62,401.93,5.12,6.87,2.5,267648.0,26.15,1011.78,12.22,52.09,49.0,0.0
2025-07-27 22:44:51,23.56,402.38,5.19,6.87,2.5,267882.59,26.15,1011.77,12.33,52.03,49.0,0.0
2025-07-27 22:45:01,23.56,401.89,5.25,6.87,2.5,267852.0,26.12,1011.76,12.44,52.06,47.0,0.0
2025-07-27 22:45:11,23.56,400.89,5.19,6.87,2.5,268142.69,26.11,1011.78,12.23,52.01,45.0,0.0
2025-07-27 22:45:21,23.56,401.96,5.15,6.87,2.5,268341.59,26.12,1011.75,12.47,52.01,47.0,0.0
2025-07-27 22:45:31,23.56,402.19,5.21,6.87,2.5,268759.81,26.13,1011.79,12.13,51.98,48.0,0.0
2025-07-27 22:45:41,23.56,401.78,5.11,6.88,2.5,268525.19,26.1,1011.77,12.36,51.97,49.0,0.0
2025-07-27 22:45:51,23.56,402.47,5.19,6.87,2.5,268657.81,26.1,1011.78,12.2,52.06,48.0,0.0
2025-07-27 22:46:01,23.56,401.92,5.17,6.87,2.5,267959.09,26.16,1011.82,11.95,52.08,46.0,0.0
2025-07-27 22:46:11,23.56,402.42,5.12,6.87,2.5,267770.38,26.18,1011.76,12.38,52.08,49.0,0.0
2025-07-27 22:46:21,23.56,402.47,5.15,6.87,2.5,267571.5,26.18,1011.78,12.26,52.02,47.0,0.0
2025-07-27 22:46:31,23.56,402.53,5.08,6.88,2.5,268061.09,26.15,1011.78,12.22,52.0,49.0,0.0
2025-07-27 22:46:41,23.56,402.24,5.08,6.87,2.5,268377.31,26.16,1011.79,12.19,52.02,48.0,0.0
2025-07-27 22:46:51,23.56,402.08,5.06,6.88,2.5,268877.09,26.18,1011.79,12.18,52.32,48.0,0.0
2025-07-27 22:47:01,23.56,402.43,5.04,6.87,2.5,268668.0,26.2,1011.76,12.39,52.07,50.0,0.0
2025-07-27 22:47:11,23.56,401.8,5.06,6.87,2.5,268382.41,26.19,1011.75,12.47,51.91,45.0,0.0
2025-07-27 22:47:21,23.56,402.26,5.02,6.88,2.5,267974.41,26.18,1011.77,12.3,51.91,49.0,0.0
2025-07-27 22:47:31,23.56,402.21,5.06,6.88,2.5,267663.28,26.2,1011.76,12.38,51.93,45.0,0.0
2025-07-27 22:47:41,23.56,402.05,5.0,6.88,2.5,267454.19,26.17,1011.76,12.45,51.83,48.0,0.0
2025-07-27 22:47:51,23.56,402.42,5.02,6.87,2.5,267275.69,26.16,1011.72,12.76,51.74,45.0,0.0
2025-07-27 22:48:01,23.56,402.18,4.94,6.87,2.5,267729.59,26.14,1011.76,12.41,51.72,49.0,0.0
2025-07-27 22:48:11,23.56,401.67,4.98,6.88,2.5,267663.28,26.12,1011.75,12.53,51.87,46.0,0.0
2025-07-27 22:48:21,23.56,402.31,4.94,6.87,2.5,267535.81,26.1,1011.78,12.26,51.84,49.0,0.0
2025-07-27 22:48:31,23.56,402.39,4.94,6.88,2.5,268155.44,26.1,1011.76,12.4,51.89,45.0,0.0
2025-07-27 22:48:41,23.5,402.56,4.92,6.88,2.5,268084.06,26.09,1011.77,12.35,51.97,48.0,0.0
2025-07-27 22:48:51,23.56,402.29,4.9,6.88,2.5,268078.97,26.08,1011.7,12.89,51.84,45.0,0.0
2025-07-27 22:49:01,23.56,402.2,4.94,6.88,2.5,268313.53,26.1,1011.74,12.56,51.96,49.0,0.0
2025-07-27 22:49:11,23.56,402.13,4.92,6.87,2.5,268425.75,26.06,1011.75,12.46,52.01,44.0,0.0
2025-07-27 22:49:21,23.56,402.27,4.92,6.88,2.5,268425.75,26.09,1011.76,12.44,52.01,49.0,0.0
2025-07-27 22:49:31,23.56,402.2,4.94,6.87,2.5,268979.09,26.09,1011.7,12.88,51.97,48.0,0.0
2025-07-27 22:49:41,23.56,401.91,5.04,6.87,2.5,268433.41,26.12,1011.74,12.59,52.02,46.0,0.0
2025-07-27 22:49:51,23.56,402.09,4.9,6.87,2.5,268499.69,26.15,1011.76,12.45,51.96,48.0,0.0
2025-07-27 22:50:01,23.56,402.51,5.0,6.87,2.5,268239.59,26.15,1011.73,12.62,51.9,46.0,0.0
2025-07-27 22:50:11,23.56,402.59,4.92,6.87,2.5,268099.34,26.13,1011.75,12.5,51.88,49.0,0.0
2025-07-27 22:50:21,23.56,402.37,5.0,6.87,2.5,267648.0,26.12,1011.73,12.66,51.88,48.0,0.0
2025-07-27 22:50:31,23.56,401.49,4.96,6.87,2.5,267673.5,26.13,1011.71,12.85,51.9,45.0,0.0
2025-07-27 22:50:41,23.56,401.92,4.98,6.88,2.5,268147.78,26.12,1011.71,12.86,51.87,49.0,0.0
2025-07-27 22:50:51,23.56,402.39,5.02,6.88,2.5,268356.91,26.13,1011.73,12.45,51.88,49.0,0.0
2025-07-27 22:51:01,23.56,402.7,4.92,6.87,2.5,268168.19,26.14,1011.71,12.82,52.0,46.0,0.0
2025-07-27 22:51:11,23.56,402.32,5.08,6.87,2.5,268382.41,26.12,1011.75,12.46,51.81,46.0,0.0
2025-07-27 22:51:21,23.56,402.2,5.08,6.87,2.5,268356.91,26.13,1011.68,13.08,51.82,49.0,0.0
2025-07-27 22:51:31,23.56,401.82,5.06,6.87,2.5,267484.81,26.13,1011.71,12.83,52.05,48.0,0.0
2025-07-27 22:51:41,23.5,401.85,5.04,6.87,2.5,267658.19,26.15,1011.72,12.79,52.02,45.0,0.0
2025-07-27 22:51:51,23.56,401.79,5.08,6.88,2.5,267209.41,26.15,1011.72,12.73,51.93,47.0,0.0
2025-07-27 22:52:01,23.56,400.17,5.11,6.88,2.5,267148.19,26.15,1011.7,12.9,51.79,49.0,0.0
2025-07-27 22:52:11,23.56,402.11,5.11,6.87,2.5,267071.69,26.16,1011.72,12.72,51.82,49.0,0.0
2025-07-27 22:52:21,23.56,402.18,5.11,6.88,2.5,267602.09,26.16,1011.72,12.75,51.83,45.0,0.0
2025-07-27 22:52:31,23.56,402.14,5.08,6.87,2.5,267438.88,26.16,1011.73,12.7,51.72,49.0,0.0
2025-07-27 22:52:41,23.56,402.17,5.12,6.88,2.5,267734.69,26.18,1011.72,12.74,51.77,49.0,0.0
2025-07-27 22:52:52,23.5,402.58,5.15,6.87,2.5,268634.84,26.21,1011.75,12.5,51.75,46.0,0.0
2025-07-27 22:53:02,23.56,402.83,5.11,6.87,2.5,268961.25,26.22,1011.75,12.46,51.71,50.0,0.0
2025-07-27 22:53:12,23.56,402.16,5.08,6.87,2.5,268333.94,26.23,1011.74,12.55,51.62,47.0,0.0
2025-07-27 22:53:22,23.56,402.44,5.12,6.87,2.5,268543.06,26.25,1011.77,12.3,51.66,48.0,0.0
2025-07-27 22:53:32,23.56,402.16,5.08,6.87,2.5,268670.53,26.26,1011.8,12.04,51.56,49.0,0.0
2025-07-27 22:53:42,23.56,402.27,5.11,6.87,2.5,267724.5,26.3,1011.77,12.3,51.62,48.0,0.0
2025-07-27 22:53:52,23.56,402.32,5.06,6.88,2.5,267852.0,26.34,1011.75,12.48,51.5,50.0,0.0
2025-07-27 22:54:02,23.5,402.7,5.04,6.88,2.5,268438.5,26.31,1011.77,12.35,51.51,48.0,0.0
2025-07-27 22:54:12,23.5,402.51,5.06,6.88,2.5,268005.0,26.33,1011.74,12.55,51.46,50.0,0.0
2025-07-27 22:54:22,23.56,402.06,5.06,6.87,2.5,267719.41,26.35,1011.79,12.18,51.35,45.0,0.0
2025-07-27 22:54:32,23.56,401.99,5.02,6.87,2.5,268382.41,26.36,1011.76,12.39,51.32,49.0,0.0
2025-07-27 22:54:42,23.56,402.28,4.98,6.87,2.5,268040.69,26.3,1011.78,12.26,51.13,45.0,0.0
2025-07-27 22:54:52,23.56,402.3,4.98,6.88,2.5,267449.09,26.28,1011.79,12.2,51.29,50.0,0.0
2025-07-27 22:55:02,23.56,402.35,4.98,6.87,2.5,267785.69,26.32,1011.81,11.98,51.34,48.0,0.0
2025-07-27 22:55:12,23.56,402.94,4.98,6.87,2.5,268137.59,26.33,1011.8,12.1,51.28,48.0,0.0
2025-07-27 22:55:22,23.56,402.7,4.98,6.88,2.5,267724.5,26.27,1011.77,12.33,51.21,49.0,0.0
2025-07-27 22:55:32,23.56,402.03,4.98,6.88,2.5,267540.91,26.24,1011.78,12.24,51.31,45.0,0.0
2025-07-27 22:55:42,23.56,402.77,5.06,6.88,2.5,268418.09,26.26,1011.8,12.05,51.31,50.0,0.0
2025-07-27 22:55:52,23.56,402.51,5.04,6.88,2.5,268045.78,26.28,1011.82,11.91,51.4,50.0,0.0
2025-07-27 22:56:02,23.56,402.96,5.06,6.87,2.5,268198.78,26.3,1011.8,12.05,51.37,46.0,0.0
2025-07-27 22:56:12,23.56,402.57,5.06,6.87,2.5,267826.5,26.28,1011.83,11.84,51.19,48.0,0.0
2025-07-27 22:56:22,23.56,401.91,5.11,6.87,2.5,268178.38,26.29,1011.8,12.09,51.29,49.0,0.0
2025-07-27 22:56:32,23.56,402.53,5.08,6.88,2.5,267597.0,26.29,1011.82,11.87,51.29,46.0,0.0
2025-07-27 22:56:42,23.56,402.56,5.15,6.87,2.5,267653.09,26.26,1011.82,11.95,51.21,49.0,0.0
2025-07-27 22:56:52,23.56,402.62,5.17,6.87,2.5,267586.78,26.28,1011.84,11.73,51.34,49.0,0.0
2025-07-27 22:57:02,23.56,402.44,5.15,6.88,2.5,267836.69,26.22,1011.88,11.44,51.21,45.0,0.0
2025-07-27 22:57:12,23.56,402.3,5.15,6.87,2.5,267836.69,26.22,1011.85,11.65,51.25,47.0,0.0
2025-07-27 22:57:22,23.5,402.12,5.17,6.87,2.5,267913.19,26.22,1011.84,11.78,51.2,48.0,0.0
2025-07-27 22:57:32,23.56,402.67,5.21,6.87,2.5,267959.09,26.16,1011.86,11.57,51.23,48.0,0.0
2025-07-27 22:57:42,23.56,402.58,5.21,6.87,2.5,267709.19,26.18,1011.87,11.53,51.24,49.0,0.0
2025-07-27 22:57:52,23.5,402.86,5.21,6.87,2.5,267775.5,26.13,1011.85,11.7,51.34,49.0,0.0
2025-07-27 22:58:02,23.5,403.47,5.21,6.87,2.5,267668.41,26.09,1011.86,11.59,51.45,49.0,0.0
2025-07-27 22:58:12,23.5,402.83,5.25,6.87,2.5,268624.66,26.1,1011.84,11.78,51.53,49.0,0.0
2025-07-27 22:58:22,23.5,402.24,5.27,6.87,2.5,268604.25,26.08,1011.83,11.83,51.48,47.0,0.0
2025-07-27 22:58:32,23.5,402.81,5.31,6.87,2.5,268688.41,26.02,1011.82,11.89,51.49,47.0,0.0
2025-07-27 22:58:42,23.5,403.17,5.33,6.88,2.5,268673.09,26.0,1011.85,11.67,51.55,45.0,0.0
2025-07-27 22:58:52,23.5,403.39,5.29,6.87,2.5,268754.69,26.01,1011.84,11.74,51.67,46.0,0.0
2025-07-27 22:59:02,23.5,402.54,5.33,6.87,2.5,267895.34,26.02,1011.84,11.74,51.67,48.0,0.0
2025-07-27 22:59:12,23.5,402.68,5.29,6.88,2.5,268043.25,26.03,1011.84,11.73,51.66,49.0,0.0
2025-07-27 22:59:22,23.5,403.23,5.25,6.88,2.5,268101.91,26.0,1011.94,10.92,51.66,48.0,0.0
2025-07-27 22:59:32,23.5,402.74,5.25,6.87,2.5,267846.88,26.0,1011.89,11.31,51.73,45.0,0.0
2025-07-27 22:59:42,23.5,402.55,5.35,6.88,2.5,267704.09,26.01,1011.84,11.74,51.68,49.0,0.0
2025-07-27 22:59:52,23.5,401.89,5.27,6.88,2.5,267500.09,25.96,1011.89,11.33,51.69,48.0,0.0
2025-07-27 23:00:02,23.5,401.75,5.33,6.87,2.5,267285.91,25.9,1011.85,11.67,51.76,47.0,0.0
2025-07-27 23:00:12,23.44,403.33,5.27,6.87,2.5,267469.5,25.91,1011.93,10.97,51.82,44.0,0.0
2025-07-27 23:00:22,23.5,403.2,5.33,6.87,2.5,267933.59,25.9,1011.88,11.44,51.83,46.0,0.0
2025-07-27 23:00:32,23.5,402.39,5.25,6.88,2.5,267964.19,25.88,1011.88,11.41,51.86,48.0,0.0
2025-07-27 23:00:42,23.5,402.57,5.25,6.87,2.5,268203.88,25.85,1011.9,11.24,51.85,48.0,0.0
2025-07-27 23:00:52,23.5,402.62,5.27,6.87,2.5,268624.66,25.85,1011.92,11.11,51.93,47.0,0.0
2025-07-27 23:01:02,23.5,402.69,5.27,6.88,2.5,268614.44,25.88,1011.94,10.91,51.94,45.0,0.0
2025-07-27 23:01:12,23.5,403.09,5.19,6.87,2.5,268191.16,25.89,1011.9,11.26,51.91,45.0,0.0
2025-07-27 23:01:22,23.5,402.08,5.25,6.88,2.5,269042.84,25.91,1011.92,11.05,51.88,49.0,0.0
2025-07-27 23:01:32,23.5,402.3,5.27,6.87,2.5,269109.16,25.87,1011.92,11.1,51.86,48.0,0.0
2025-07-27 23:01:42,23.5,402.37,5.29,6.87,2.5,268693.5,25.89,1011.93,11.02,51.92,46.0,0.0
2025-07-27 23:01:52,23.5,402.96,5.23,6.88,2.5,268489.5,25.84,1011.92,11.08,51.88,49.0,0.0
2025-07-27 23:02:02,23.5,402.32,5.23,6.88,2.5,268509.91,25.81,1011.94,10.88,51.93,49.0,0.0
2025-07-27 23:02:12,23.5,402.34,5.23,6.87,2.5,267959.09,25.84,1011.94,10.9,51.99,46.0,0.0
2025-07-27 23:02:22,23.5,402.47,5.21,6.88,2.5,267602.09,25.87,1011.96,10.74,51.95,45.0,0.0
2025-07-27 23:02:32,23.5,401.98,5.27,6.87,2.5,268341.59,25.9,1011.95,10.79,51.9,45.0,0.0
2025-07-27 23:02:42,23.5,402.53,5.25,6.88,2.5,268112.09,25.86,1011.96,10.73,51.86,45.0,0.0
2025-07-27 23:02:52,23.5,401.84,5.25,6.87,2.5,268091.69,25.86,1012.01,10.29,51.87,46.0,0.0
2025-07-27 23:03:02,23.5,403.23,5.25,6.87,2.5,268229.38,25.85,1012.0,10.44,51.89,49.0,0.0
2025-07-27 23:03:12,23.5,402.23,5.21,6.88,2.5,268729.19,25.87,1012.01,10.31,51.96,49.0,0.0
2025-07-27 23:03:22,23.44,403.67,5.27,6.88,2.5,268402.78,25.84,1012.0,10.41,51.89,48.0,0.0
2025-07-27 23:03:32,23.44,403.46,5.25,6.88,2.5,268846.5,25.84,1012.03,10.18,51.94,47.0,0.0
2025-07-27 23:03:42,23.44,403.58,5.31,6.88,2.5,269285.09,25.85,1012.04,10.06,51.95,49.0,0.0
2025-07-27 23:03:52,23.44,402.49,5.27,6.87,2.5,268882.19,25.83,1012.04,10.04,51.89,49.0,0.0
2025-07-27 23:04:02,23.44,402.78,5.31,6.88,2.5,268831.19,25.83,1012.05,9.96,51.9,45.0,0.0
2025-07-27 23:04:12,23.44,403.48,5.23,6.88,2.5,268917.88,25.83,1012.06,9.93,51.94,49.0,0.0
2025-07-27 23:04:22,23.44,402.53,5.21,6.88,2.5,268438.5,25.85,1012.06,9.91,51.83,49.0,0.0
2025-07-27 23:04:32,23.44,403.42,5.25,6.88,2.5,268356.91,25.87,1012.12,9.43,52.44,49.0,0.0
2025-07-27 23:04:42,23.44,403.42,5.25,6.88,2.5,268356.91,25.87,1012.12,9.43,52.44,49.0,0.0
2025-07-27 23:04:52,23.44,403.42,5.25,6.88,2.5,268356.91,25.87,1012.12,9.43,52.44,49.0,0.0
2025-07-27 23:05:02,23.44,403.42,5.25,6.88,2.5,268356.91,25.87,1012.12,9.43,52.44,49.0,0.0
2025-07-27 23:05:12,23.44,403.42,5.25,6.88,2.5,268356.91,25.87,1012.12,9.43,52.44,49.0,0.0
2025-07-27 23:05:22,23.44,403.42,5.25,6.88,2.5,268356.91,25.87,1012.12,9.43,52.44,49.0,0.0
2025-07-27 23:05:32,23.44,403.42,5.25,6.88,2.5,268356.91,25.87,1012.12,9.43,52.44,49.0,0.0
2025-07-27 23:05:42,23.44,403.42,5.25,6.88,2.5,268356.91,25.87,1012.12,9.43,52.44,49.0,0.0
2025-07-27 23:05:52,23.44,403.42,5.25,6.88,2.5,268356.91,25.87,1012.12,9.43,52.44,49.0,0.0
2025-07-27 23:06:02,23.44,403.42,5.25,6.88,2.5,268356.91,25.87,1012.12,9.43,52.44,49.0,0.0
2025-07-27 23:06:12,23.44,403.42,5.25,6.88,2.5,268356.91,25.87,1012.12,9.43,52.44,49.0,0.0