timestamp,cpu_percent,cpu_freq_mhz,cpu_temp_celsius,memory_percent,memory_used_gb,memory_total_gb,disk_percent,disk_used_gb,disk_total_gb,load_1min,load_5min,load_15min,network_bytes_sent,network_bytes_recv
2025-07-27 21:36:32,0.0,1800.0,38.46,5.4,0.28,7.63,30.18,17.56,58.2,0.33,0.4,0.21,404353,1399620
2025-07-27 21:36:43,0.7,600.0,38.46,5.4,0.28,7.63,30.18,17.56,58.2,0.28,0.39,0.2,428015,1498964
2025-07-27 21:36:54,0.5,600.0,37.0,5.4,0.28,7.63,30.18,17.56,58.2,0.32,0.39,0.21,437463,1510504
2025-07-27 21:37:05,0.0,600.0,37.97,5.4,0.28,7.63,30.18,17.56,58.2,0.27,0.38,0.2,454833,1587369
2025-07-27 21:37:16,0.2,600.0,38.46,5.4,0.28,7.63,30.18,17.56,58.2,0.21,0.36,0.2,458807,1592448
2025-07-27 21:37:27,0.8,600.0,37.0,5.4,0.28,7.63,30.18,17.56,58.2,0.25,0.36,0.2,473207,1666381
2025-07-27 21:37:38,0.2,600.0,37.48,5.4,0.28,7.63,30.18,17.56,58.2,0.21,0.35,0.2,478115,1673688
2025-07-27 21:37:49,0.7,700.0,37.97,5.4,0.28,7.63,30.18,17.56,58.2,0.18,0.34,0.2,487972,1740573
2025-07-27 21:38:00,0.2,600.0,38.95,5.4,0.28,7.63,30.18,17.56,58.2,0.23,0.34,0.2,491416,1743460
2025-07-27 21:38:11,0.0,600.0,37.97,5.4,0.28,7.63,30.18,17.56,58.2,0.18,0.33,0.19,501201,1828898
2025-07-27 21:38:22,0.0,1800.0,37.48,5.4,0.28,7.63,30.18,17.56,58.2,0.15,0.31,0.19,504490,1834586
2025-07-27 21:38:33,0.5,600.0,38.95,5.4,0.28,7.63,30.18,17.56,58.2,0.29,0.34,0.2,517339,1904068
2025-07-27 21:38:44,4.6,1800.0,38.46,5.4,0.28,7.63,30.18,17.56,58.2,0.24,0.33,0.2,520610,1907192
2025-07-27 21:38:55,13.1,1800.0,38.46,5.4,0.28,7.63,30.18,17.57,58.2,0.21,0.31,0.19,531371,1995935
2025-07-27 21:39:06,8.7,1800.0,38.46,5.4,0.28,7.63,30.18,17.57,58.2,0.24,0.32,0.2,537989,2006473
2025-07-27 21:39:17,0.2,600.0,38.95,5.4,0.28,7.63,30.18,17.57,58.2,0.2,0.3,0.19,546054,2073891
2025-07-27 21:39:28,1.0,600.0,37.48,5.4,0.28,7.63,30.18,17.57,58.2,0.17,0.29,0.19,555829,2090439
2025-07-27 21:39:39,0.0,1800.0,38.95,5.4,0.28,7.63,30.18,17.57,58.2,0.22,0.3,0.19,573319,2178634
2025-07-27 21:39:50,0.3,600.0,37.48,5.4,0.28,7.63,30.18,17.57,58.2,0.26,0.31,0.2,583678,2184724
2025-07-27 21:40:01,0.2,1800.0,38.46,5.4,0.28,7.63,30.18,17.57,58.2,0.2,0.29,0.19,593477,2272272
2025-07-27 21:40:12,0.2,600.0,38.46,5.4,0.28,7.63,30.18,17.57,58.2,0.17,0.28,0.19,599468,2276479
2025-07-27 21:40:23,0.0,600.0,37.48,5.4,0.28,7.63,30.18,17.57,58.2,0.15,0.27,0.19,611433,2351910
2025-07-27 21:40:34,0.0,600.0,37.0,5.4,0.28,7.63,30.18,17.57,58.2,0.12,0.26,0.18,617438,2354499
2025-07-27 21:40:45,0.0,700.0,38.95,5.4,0.28,7.63,30.18,17.57,58.2,0.26,0.29,0.19,626848,2423543
2025-07-27 21:40:56,0.2,1800.0,38.46,5.4,0.28,7.63,30.18,17.57,58.2,0.2,0.27,0.19,637251,2442615
2025-07-27 21:41:07,0.2,1800.0,38.46,5.4,0.28,7.63,30.18,17.57,58.2,0.17,0.26,0.18,652730,2542847
2025-07-27 21:41:19,0.0,1800.0,37.97,5.4,0.28,7.63,30.18,17.57,58.2,0.23,0.27,0.19,654432,2543985
2025-07-27 21:41:30,0.0,1800.0,38.46,5.4,0.28,7.63,30.18,17.57,58.2,0.27,0.28,0.19,668359,2618838
2025-07-27 21:41:41,9.9,1800.0,38.46,5.4,0.28,7.63,30.18,17.57,58.2,0.23,0.27,0.19,670868,2621203
2025-07-27 21:41:52,12.9,1800.0,39.43,5.4,0.28,7.63,30.18,17.57,58.2,0.26,0.27,0.19,681575,2708451
2025-07-27 21:42:03,4.3,1800.0,38.95,5.4,0.28,7.63,30.18,17.57,58.2,0.22,0.26,0.19,686394,2711617
2025-07-27 21:42:14,8.5,1800.0,38.46,5.4,0.28,7.63,30.18,17.57,58.2,0.18,0.25,0.18,694353,2778505
2025-07-27 21:42:25,0.0,600.0,37.48,5.4,0.28,7.63,30.18,17.57,58.2,0.16,0.24,0.18,697924,2784382
2025-07-27 21:42:36,8.5,1800.0,37.97,5.4,0.28,7.63,30.18,17.57,58.2,0.21,0.25,0.18,710288,2852591
2025-07-27 21:42:47,0.0,600.0,37.97,5.4,0.28,7.63,30.18,17.57,58.2,0.16,0.24,0.18,712936,2855630
2025-07-27 21:42:58,9.0,1800.0,37.97,5.4,0.28,7.63,30.18,17.57,58.2,0.13,0.23,0.18,724913,2928031
2025-07-27 21:43:09,0.2,600.0,37.97,5.4,0.28,7.63,30.18,17.57,58.2,0.19,0.24,0.18,729524,2937171
2025-07-27 21:43:20,0.3,1800.0,38.46,5.6,0.29,7.63,30.18,17.57,58.2,0.16,0.23,0.18,737943,3003823
2025-07-27 21:43:31,0.0,600.0,37.48,5.4,0.28,7.63,30.18,17.57,58.2,0.13,0.22,0.18,746349,3033602
2025-07-27 21:43:42,0.0,800.0,37.48,5.7,0.31,7.63,30.18,17.57,58.2,0.1,0.21,0.17,753518,3088815
2025-07-27 21:43:53,0.0,1800.0,37.97,5.4,0.28,7.63,30.18,17.57,58.2,0.09,0.2,0.17,758744,3100499
2025-07-27 21:44:04,0.7,1800.0,37.97,5.7,0.3,7.63,30.18,17.57,58.2,0.15,0.21,0.18,769552,3154854
2025-07-27 21:44:15,0.0,1800.0,37.97,5.4,0.28,7.63,30.18,17.57,58.2,0.13,0.21,0.17,772980,3188551
2025-07-27 21:44:26,9.1,1800.0,38.46,5.7,0.3,7.63,30.18,17.57,58.2,0.11,0.2,0.17,781252,3237900
2025-07-27 21:44:37,12.9,1800.0,37.97,5.4,0.28,7.63,30.18,17.57,58.2,0.16,0.21,0.18,786836,3262180
2025-07-27 21:44:48,19.6,1800.0,37.48,5.7,0.31,7.63,30.18,17.57,58.2,0.14,0.2,0.17,792693,3299358
2025-07-27 21:44:59,0.0,600.0,37.48,5.4,0.28,7.63,30.18,17.57,58.2,0.12,0.19,0.17,797242,3331939
2025-07-27 21:45:10,11.7,1800.0,37.0,5.7,0.3,7.63,30.18,17.57,58.2,0.1,0.18,0.17,805849,3368680
2025-07-27 21:45:21,0.3,600.0,36.51,5.4,0.28,7.63,30.18,17.57,58.2,0.16,0.2,0.17,812741,3408029
2025-07-27 21:45:32,8.5,1800.0,37.0,5.6,0.3,7.63,30.18,17.57,58.2,0.2,0.2,0.18,823263,3438802
2025-07-27 21:45:43,0.0,600.0,37.97,5.4,0.28,7.63,30.18,17.57,58.2,0.25,0.21,0.18,829154,3503977
2025-07-27 21:45:54,0.2,600.0,36.02,5.4,0.28,7.63,30.18,17.57,58.2,0.29,0.22,0.18,830494,3504872
2025-07-27 21:46:05,0.0,600.0,37.48,5.4,0.28,7.63,30.18,17.57,58.2,0.24,0.21,0.18,842386,3573724
2025-07-27 21:46:16,0.0,600.0,37.0,5.4,0.28,7.63,30.18,17.57,58.2,0.2,0.21,0.18,847386,3577116
2025-07-27 21:46:27,0.0,600.0,37.0,5.4,0.28,7.63,30.18,17.57,58.2,0.3,0.23,0.19,859873,3669881
2025-07-27 21:46:38,0.0,1800.0,36.51,5.4,0.28,7.63,30.18,17.57,58.2,0.25,0.22,0.18,866367,3673882
2025-07-27 21:46:49,0.2,1800.0,38.46,5.4,0.28,7.63,30.18,17.57,58.2,0.21,0.21,0.18,874425,3739848
2025-07-27 21:47:00,0.0,1800.0,37.48,5.4,0.28,7.63,30.18,17.57,58.2,0.18,0.2,0.18,877963,3743401
2025-07-27 21:47:11,0.8,1800.0,37.97,5.4,0.28,7.63,30.19,17.57,58.2,0.15,0.2,0.18,890562,3820004
2025-07-27 21:47:22,10.5,1800.0,37.48,5.4,0.28,7.63,30.19,17.57,58.2,0.33,0.24,0.19,891601,3820443
2025-07-27 21:47:33,12.3,1800.0,37.48,5.4,0.28,7.63,30.19,17.57,58.2,0.28,0.23,0.19,907193,3914068
2025-07-27 21:47:44,2.5,1800.0,37.0,5.4,0.28,7.63,30.19,17.57,58.2,0.24,0.22,0.18,910720,3919896
2025-07-27 21:47:55,0.0,600.0,37.0,5.4,0.28,7.63,30.19,17.57,58.2,0.2,0.21,0.18,918674,3986062
2025-07-27 21:48:06,0.3,600.0,36.51,5.4,0.28,7.63,30.19,17.57,58.2,0.24,0.22,0.18,923017,3988018
2025-07-27 21:48:17,0.2,600.0,36.51,5.4,0.28,7.63,30.19,17.57,58.2,0.19,0.21,0.18,933275,4056196
2025-07-27 21:48:28,0.5,600.0,37.0,5.4,0.28,7.63,30.19,17.57,58.2,0.16,0.2,0.18,944547,4065284
2025-07-27 21:48:39,0.5,600.0,37.0,5.4,0.28,7.63,30.19,17.57,58.2,0.21,0.21,0.18,952425,4131174
2025-07-27 21:48:50,0.0,600.0,36.51,5.4,0.28,7.63,30.19,17.57,58.2,0.18,0.21,0.18,953572,4132315
2025-07-27 21:49:01,1.0,600.0,37.0,5.4,0.28,7.63,30.19,17.57,58.2,0.15,0.2,0.18,961443,4199723
2025-07-27 21:49:12,0.7,600.0,36.51,5.4,0.28,7.63,30.19,17.57,58.2,0.19,0.2,0.18,967977,4210652
2025-07-27 21:49:23,0.0,600.0,36.51,5.4,0.28,7.63,30.19,17.57,58.2,0.16,0.2,0.18,978799,4278460
2025-07-27 21:49:34,0.2,1800.0,37.97,5.4,0.28,7.63,30.19,17.57,58.2,0.13,0.19,0.18,984279,4286661
2025-07-27 21:49:45,0.0,1800.0,37.0,5.4,0.28,7.63,30.19,17.57,58.2,0.19,0.2,0.18,992374,4353728
2025-07-27 21:49:56,0.5,1800.0,37.0,5.4,0.28,7.63,30.19,17.57,58.2,0.16,0.19,0.18,993326,4354726
2025-07-27 21:50:07,5.6,1800.0,37.0,5.4,0.28,7.63,30.19,17.57,58.2,0.27,0.22,0.19,1002462,4422134
2025-07-27 21:50:18,13.4,1800.0,37.48,5.4,0.28,7.63,30.19,17.57,58.2,0.23,0.21,0.18,1011264,4431444
2025-07-27 21:50:29,7.1,1800.0,37.0,5.4,0.28,7.63,30.19,17.57,58.2,0.2,0.2,0.18,1023913,4504163
2025-07-27 21:50:40,0.2,600.0,37.0,5.4,0.28,7.63,30.19,17.57,58.2,0.16,0.2,0.18,1025781,4505398
2025-07-27 21:50:51,0.2,1800.0,37.0,5.4,0.28,7.63,30.19,17.57,58.2,0.21,0.2,0.18,1033911,4591432
2025-07-27 21:51:02,0.0,600.0,36.51,5.4,0.28,7.63,30.19,17.57,58.2,0.16,0.19,0.18,1034931,4592538
2025-07-27 21:51:13,0.0,600.0,36.51,5.4,0.28,7.63,30.19,17.57,58.2,0.21,0.2,0.18,1047234,4666081
2025-07-27 21:51:24,0.2,600.0,36.51,5.4,0.28,7.63,30.19,17.57,58.2,0.25,0.21,0.18,1049914,4668401
2025-07-27 21:51:35,0.0,600.0,36.51,5.4,0.28,7.63,30.19,17.57,58.2,0.21,0.21,0.18,1065002,4745106
2025-07-27 21:51:46,0.5,600.0,36.51,5.4,0.28,7.63,30.19,17.57,58.2,0.18,0.2,0.18,1065802,4745306
2025-07-27 21:51:57,0.0,600.0,37.0,5.4,0.28,7.63,30.19,17.57,58.2,0.21,0.21,0.18,1073701,4811222
2025-07-27 21:52:08,0.0,600.0,36.51,5.4,0.28,7.63,30.19,17.57,58.2,0.18,0.2,0.18,1080746,4820874
2025-07-27 21:52:19,0.0,600.0,36.51,5.4,0.28,7.63,30.19,17.57,58.2,0.15,0.19,0.18,1091925,4908871
2025-07-27 21:52:30,0.7,1800.0,37.97,5.4,0.28,7.63,30.19,17.57,58.2,0.21,0.2,0.18,1099736,4917502
2025-07-27 21:52:41,0.0,600.0,36.51,5.4,0.28,7.63,30.19,17.57,58.2,0.18,0.2,0.18,1110464,4991398
2025-07-27 21:52:52,1.3,1800.0,36.51,5.4,0.28,7.63,30.19,17.57,58.2,0.2,0.2,0.18,1111176,4991537
2025-07-27 21:53:03,11.3,900.0,37.0,5.4,0.28,7.63,30.19,17.57,58.2,0.25,0.21,0.19,1120879,5077956
2025-07-27 21:53:14,11.9,1800.0,36.51,5.4,0.28,7.63,30.19,17.57,58.2,0.21,0.2,0.18,1125138,5086732
2025-07-27 21:53:25,2.0,1800.0,38.46,5.4,0.28,7.63,30.19,17.57,58.2,0.18,0.2,0.18,1133722,5151900
2025-07-27 21:53:36,0.0,600.0,36.02,5.4,0.28,7.63,30.19,17.57,58.2,0.15,0.19,0.18,1140200,5156561
2025-07-27 21:53:47,0.0,1800.0,37.48,5.4,0.28,7.63,30.19,17.57,58.2,0.12,0.18,0.18,1150439,5228724
2025-07-27 21:53:59,0.7,600.0,36.51,5.4,0.28,7.63,30.19,17.57,58.2,0.1,0.17,0.17,1153705,5231917
2025-07-27 21:54:10,0.0,1800.0,36.51,5.4,0.28,7.63,30.19,17.57,58.2,0.16,0.18,0.18,1163394,5300913
2025-07-27 21:54:21,0.5,600.0,37.48,5.4,0.28,7.63,30.19,17.57,58.2,0.13,0.18,0.18,1166314,5302263
2025-07-27 21:54:32,0.0,1800.0,37.0,5.4,0.28,7.63,30.19,17.57,58.2,0.11,0.17,0.17,1181569,5396413
2025-07-27 21:54:43,0.0,600.0,36.02,5.4,0.28,7.63,30.19,17.57,58.2,0.16,0.18,0.18,1182652,5397156
2025-07-27 21:54:54,0.0,600.0,37.0,5.4,0.28,7.63,30.19,17.57,58.2,0.22,0.19,0.18,1196984,5471847
2025-07-27 21:55:05,0.0,1800.0,36.51,5.4,0.28,7.63,30.19,17.57,58.2,0.18,0.18,0.18,1199150,5472770
2025-07-27 21:55:16,0.0,1800.0,36.51,5.4,0.28,7.63,30.19,17.57,58.2,0.23,0.19,0.18,1210361,5548440
2025-07-27 21:55:27,0.0,1800.0,36.51,5.4,0.28,7.63,30.19,17.57,58.2,0.2,0.19,0.18,1212075,5549482
2025-07-27 21:55:38,5.8,1800.0,37.48,5.4,0.28,7.63,30.19,17.57,58.2,0.15,0.18,0.18,1225057,5638204
2025-07-27 21:55:49,6.3,1800.0,36.51,5.4,0.28,7.63,30.19,17.57,58.2,0.21,0.19,0.18,1228727,5640358
2025-07-27 21:56:00,21.5,1800.0,37.97,5.4,0.28,7.63,30.19,17.57,58.2,0.26,0.2,0.18,1237002,5708785
2025-07-27 21:56:11,6.3,1800.0,37.0,5.4,0.28,7.63,30.19,17.57,58.2,0.22,0.19,0.18,1239190,5709569
2025-07-27 21:56:22,8.8,1800.0,37.48,5.4,0.28,7.63,30.19,17.57,58.2,0.18,0.18,0.18,1249603,5797860
2025-07-27 21:56:33,0.2,600.0,36.02,5.4,0.28,7.63,30.19,17.57,58.2,0.21,0.19,0.18,1256711,5804326
2025-07-27 21:56:44,0.7,1800.0,37.0,5.7,0.3,7.63,30.19,17.57,58.2,0.18,0.18,0.18,1265552,5869335
2025-07-27 21:56:55,0.2,600.0,36.02,5.4,0.28,7.63,30.19,17.57,58.2,0.22,0.19,0.18,1271179,5881262
2025-07-27 21:57:06,0.0,1800.0,36.02,5.7,0.3,7.63,30.19,17.57,58.2,0.19,0.19,0.18,1278945,5938722
2025-07-27 21:57:17,0.0,600.0,37.0,5.4,0.28,7.63,30.19,17.57,58.2,0.16,0.18,0.18,1284552,5956233
2025-07-27 21:57:28,2.2,1800.0,36.51,5.7,0.31,7.63,30.19,17.57,58.2,0.2,0.19,0.18,1291736,6007380
2025-07-27 21:57:39,0.7,600.0,37.0,5.4,0.28,7.63,30.19,17.57,58.2,0.17,0.18,0.18,1303270,6052066
2025-07-27 21:57:50,6.7,600.0,36.51,5.7,0.3,7.63,30.19,17.57,58.2,0.14,0.17,0.18,1308820,6092718
2025-07-27 21:58:01,0.3,1800.0,37.48,5.4,0.28,7.63,30.19,17.57,58.2,0.2,0.18,0.18,1314652,6121370
2025-07-27 21:58:12,10.2,1800.0,37.0,5.7,0.3,7.63,30.19,17.57,58.2,0.17,0.18,0.18,1321258,6155199
2025-07-27 21:58:23,0.0,1800.0,37.0,5.4,0.28,7.63,30.19,17.57,58.2,0.13,0.17,0.18,1329179,6195631
2025-07-27 21:58:34,11.3,1800.0,37.97,5.7,0.3,7.63,30.19,17.57,58.2,0.19,0.18,0.18,1335650,6227259
2025-07-27 21:58:45,11.8,1800.0,37.0,5.4,0.28,7.63,30.19,17.57,58.2,0.16,0.17,0.18,1340316,6267377
2025-07-27 21:58:56,17.4,1800.0,37.0,5.5,0.29,7.63,30.19,17.57,58.2,0.13,0.17,0.18,1346009,6294469
2025-07-27 21:59:07,1.3,1800.0,36.02,5.4,0.28,7.63,30.19,17.57,58.2,0.11,0.16,0.17,1352509,6342439
2025-07-27 21:59:18,1.5,800.0,36.51,5.4,0.28,7.63,30.19,17.57,58.2,0.16,0.17,0.18,1355227,6349849
2025-07-27 21:59:29,0.2,600.0,36.02,5.4,0.28,7.63,30.19,17.57,58.2,0.13,0.16,0.18,1364689,6416215
2025-07-27 21:59:40,0.5,600.0,35.54,5.4,0.28,7.63,30.19,17.57,58.2,0.11,0.16,0.17,1365641,6417215
2025-07-27 21:59:51,0.0,600.0,36.51,5.4,0.28,7.63,30.19,17.57,58.2,0.17,0.17,0.18,1373593,6504141
2025-07-27 22:00:02,0.2,600.0,37.0,5.4,0.28,7.63,30.19,17.57,58.2,0.14,0.16,0.18,1375289,6506630
2025-07-27 22:00:13,0.2,600.0,36.51,5.4,0.28,7.63,30.19,17.57,58.2,0.18,0.17,0.18,1384895,6575097
2025-07-27 22:00:24,0.2,600.0,36.51,5.4,0.28,7.63,30.19,17.57,58.2,0.15,0.17,0.18,1389858,6584074
2025-07-27 22:00:35,0.2,1800.0,37.48,5.4,0.28,7.63,30.19,17.57,58.2,0.28,0.19,0.18,1398114,6650599
2025-07-27 22:00:46,0.0,1800.0,36.51,5.4,0.28,7.63,30.19,17.57,58.2,0.32,0.2,0.19,1399024,6651532
2025-07-27 22:00:57,0.2,1800.0,36.51,5.4,0.28,7.63,30.19,17.57,58.2,0.27,0.2,0.18,1408682,6743415
2025-07-27 22:01:08,0.0,1800.0,37.48,5.4,0.28,7.63,30.19,17.57,58.2,0.21,0.19,0.18,1410558,6744203
2025-07-27 22:01:19,0.0,1800.0,37.0,5.4,0.28,7.63,30.2,17.57,58.2,0.26,0.2,0.18,1420700,6819049
2025-07-27 22:01:30,7.1,1800.0,37.0,5.4,0.28,7.63,30.2,17.57,58.2,0.22,0.19,0.18,1425740,6823784
2025-07-27 22:01:41,12.9,1800.0,36.02,5.4,0.28,7.63,30.2,17.57,58.2,0.18,0.18,0.18,1434268,6896743
2025-07-27 22:01:52,5.8,1800.0,36.51,5.4,0.28,7.63,30.2,17.57,58.2,0.15,0.18,0.18,1435178,6897680
2025-07-27 22:02:03,0.2,600.0,36.02,5.4,0.28,7.63,30.2,17.57,58.2,0.19,0.18,0.18,1443731,6983937
2025-07-27 22:02:14,0.0,600.0,36.02,5.4,0.28,7.63,30.2,17.57,58.2,0.16,0.18,0.18,1446683,6985610
2025-07-27 22:02:25,0.8,600.0,36.51,5.4,0.28,7.63,30.2,17.57,58.2,0.13,0.17,0.18,1456633,7054201
2025-07-27 22:02:36,0.0,600.0,36.51,5.4,0.28,7.63,30.2,17.57,58.2,0.19,0.18,0.18,1458270,7055080
2025-07-27 22:02:47,0.0,600.0,35.54,5.4,0.28,7.63,30.2,17.57,58.2,0.16,0.17,0.18,1466759,7122494
2025-07-27 22:02:58,0.0,600.0,36.02,5.4,0.28,7.63,30.2,17.57,58.2,0.12,0.17,0.18,1468683,7127056
2025-07-27 22:03:09,0.8,600.0,37.0,5.4,0.28,7.63,30.2,17.58,58.2,0.1,0.16,0.17,1477869,7211205
2025-07-27 22:03:20,0.0,600.0,36.51,5.4,0.28,7.63,30.2,17.58,58.2,0.09,0.15,0.17,1479841,7215681
2025-07-27 22:03:31,0.0,600.0,36.02,5.4,0.28,7.63,30.2,17.58,58.2,0.15,0.16,0.18,1489479,7283539
2025-07-27 22:03:42,0.0,1800.0,37.48,5.4,0.28,7.63,30.2,17.58,58.2,0.13,0.16,0.17,1490526,7284020
2025-07-27 22:03:53,0.2,600.0,37.97,5.4,0.28,7.63,30.2,17.58,58.2,0.1,0.15,0.17,1498650,7350501
2025-07-27 22:04:04,0.0,1800.0,37.0,5.4,0.28,7.63,30.2,17.58,58.2,0.16,0.16,0.17,1501308,7352079
2025-07-27 22:04:15,2.5,1800.0,36.02,5.4,0.28,7.63,30.2,17.58,58.2,0.14,0.16,0.17,1509565,7437141
2025-07-27 22:04:26,12.6,1800.0,36.51,5.4,0.28,7.63,30.2,17.58,58.2,0.12,0.15,0.17,1512675,7442647
2025-07-27 22:04:37,10.7,1800.0,37.48,5.4,0.28,7.63,30.2,17.58,58.2,0.1,0.14,0.17,1520245,7509352
2025-07-27 22:04:48,0.5,1000.0,35.05,5.4,0.28,7.63,30.2,17.58,58.2,0.14,0.15,0.17,1521305,7509960
2025-07-27 22:04:59,3.3,1800.0,36.51,5.4,0.28,7.63,30.2,17.58,58.2,0.12,0.15,0.17,1531215,7586039
2025-07-27 22:05:10,0.2,600.0,36.51,5.4,0.28,7.63,30.2,17.58,58.2,0.1,0.14,0.17,1534869,7589277
2025-07-27 22:05:21,0.0,1800.0,37.48,5.4,0.28,7.63,30.2,17.58,58.2,0.4,0.2,0.19,1546176,7682900
2025-07-27 22:05:32,0.0,600.0,35.54,5.4,0.28,7.63,30.2,17.58,58.2,0.34,0.2,0.18,1560048,7689746
2025-07-27 22:05:43,0.0,600.0,35.54,5.4,0.28,7.63,30.2,17.58,58.2,0.33,0.2,0.19,1567778,7755417
2025-07-27 22:05:54,0.0,600.0,36.51,5.4,0.28,7.63,30.2,17.58,58.2,0.35,0.21,0.19,1570702,7757054
2025-07-27 22:06:05,0.0,700.0,37.0,5.4,0.28,7.63,30.2,17.58,58.2,0.3,0.2,0.19,1581713,7827804
2025-07-27 22:06:16,0.2,600.0,37.0,5.4,0.28,7.63,30.2,17.58,58.2,0.25,0.2,0.18,1582603,7828094
2025-07-27 22:06:28,0.0,600.0,36.51,5.4,0.28,7.63,30.2,17.58,58.2,0.27,0.2,0.18,1594366,7919256
2025-07-27 22:06:39,0.0,1800.0,36.02,5.4,0.28,7.63,30.2,17.58,58.2,0.23,0.2,0.18,1598801,7922376
2025-07-27 22:06:50,0.2,1800.0,37.48,5.4,0.28,7.63,30.2,17.58,58.2,0.27,0.21,0.19,1608676,7989396
2025-07-27 22:07:01,0.3,1800.0,36.51,5.4,0.28,7.63,30.2,17.58,58.2,0.23,0.2,0.18,1613351,7997483
2025-07-27 22:07:12,7.9,1800.0,36.51,5.4,0.28,7.63,30.2,17.58,58.2,0.27,0.21,0.19,1623029,8066304
2025-07-27 22:07:23,13.1,1800.0,36.51,5.4,0.28,7.63,30.2,17.58,58.2,0.37,0.23,0.19,1627791,8075988
2025-07-27 22:07:34,5.3,1800.0,36.51,5.4,0.28,7.63,30.2,17.58,58.2,0.31,0.23,0.19,1642805,8163997
2025-07-27 22:07:45,0.2,600.0,36.02,5.4,0.28,7.63,30.2,17.58,58.2,0.26,0.22,0.19,1647221,8170427
2025-07-27 22:07:56,0.2,1800.0,36.02,5.4,0.28,7.63,30.2,17.58,58.2,0.22,0.21,0.18,1656721,8237778
2025-07-27 22:08:07,0.2,600.0,35.54,5.5,0.28,7.63,30.2,17.58,58.2,0.26,0.22,0.19,1659654,8239766
2025-07-27 22:08:18,0.2,1800.0,36.02,5.4,0.28,7.63,30.2,17.58,58.2,0.2,0.21,0.18,1668182,8309417
2025-07-27 22:08:29,0.0,600.0,36.02,5.4,0.28,7.63,30.2,17.58,58.2,0.17,0.2,0.18,1671511,8315112
2025-07-27 22:08:40,1.0,1800.0,36.02,5.4,0.28,7.63,30.2,17.58,58.2,0.22,0.21,0.18,1684119,8404063
2025-07-27 22:08:51,0.2,600.0,37.0,5.4,0.28,7.63,30.2,17.58,58.2,0.18,0.2,0.18,1687212,8407354
2025-07-27 22:09:02,10.8,1800.0,36.51,5.4,0.28,7.63,30.2,17.58,58.2,0.16,0.2,0.18,1702351,8484251
2025-07-27 22:09:13,0.0,600.0,35.54,5.4,0.28,7.63,30.2,17.58,58.2,0.19,0.2,0.18,1704762,8485360
2025-07-27 22:09:24,8.5,1800.0,37.48,5.4,0.28,7.63,30.2,17.58,58.2,0.16,0.2,0.18,1716531,8561171
2025-07-27 22:09:35,0.0,1800.0,36.51,5.4,0.28,7.63,30.2,17.58,58.2,0.14,0.19,0.18,1723291,8564547
2025-07-27 22:09:46,8.5,1800.0,37.48,5.4,0.28,7.63,30.2,17.58,58.2,0.12,0.18,0.18,1732071,8651503
2025-07-27 22:09:57,3.3,1800.0,36.02,5.4,0.28,7.63,30.2,17.58,58.2,0.1,0.17,0.17,1734635,8652790
2025-07-27 22:10:08,12.9,1800.0,36.51,5.7,0.3,7.63,30.2,17.58,58.2,0.16,0.18,0.18,1743606,8716830
2025-07-27 22:10:19,10.0,1800.0,36.51,5.4,0.28,7.63,30.2,17.58,58.2,0.13,0.18,0.17,1748024,8727035
2025-07-27 22:10:30,0.5,1800.0,37.0,5.7,0.31,7.63,30.2,17.58,58.2,0.11,0.17,0.17,1759750,8789541
2025-07-27 22:10:41,0.3,600.0,36.02,5.4,0.28,7.63,30.2,17.58,58.2,0.09,0.16,0.17,1764558,8823135
2025-07-27 22:10:52,4.0,1800.0,36.51,5.7,0.3,7.63,30.2,17.58,58.2,0.15,0.18,0.17,1772318,8870416
2025-07-27 22:11:03,0.0,600.0,35.54,5.4,0.28,7.63,30.2,17.58,58.2,0.32,0.21,0.19,1779493,8902487
2025-07-27 22:11:14,13.4,1800.0,36.51,5.8,0.31,7.63,30.2,17.58,58.2,0.27,0.21,0.18,1785788,8940230
2025-07-27 22:11:25,0.2,600.0,36.02,5.4,0.28,7.63,30.2,17.58,58.2,0.3,0.22,0.19,1793795,8978168
2025-07-27 22:11:36,11.1,1800.0,37.48,5.7,0.3,7.63,30.2,17.58,58.2,0.26,0.21,0.18,1802921,9009877
2025-07-27 22:11:47,0.0,600.0,36.51,5.4,0.28,7.63,30.2,17.58,58.2,0.22,0.2,0.18,1807828,9067487
2025-07-27 22:11:58,7.7,1800.0,37.0,5.5,0.29,7.63,30.2,17.58,58.2,0.32,0.22,0.19,1810781,9070552
2025-07-27 22:12:09,0.0,1800.0,37.0,5.4,0.28,7.63,30.2,17.58,58.2,0.27,0.22,0.19,1821048,9149268
2025-07-27 22:12:20,0.2,1800.0,36.51,5.4,0.28,7.63,30.2,17.58,58.2,0.23,0.21,0.18,1822422,9149874
2025-07-27 22:12:31,0.2,1800.0,36.51,5.4,0.28,7.63,30.2,17.58,58.2,0.28,0.22,0.19,1834521,9253346
2025-07-27 22:12:42,0.2,1800.0,36.02,5.4,0.28,7.63,30.2,17.58,58.2,0.23,0.21,0.18,1840605,9259850
2025-07-27 22:12:53,8.4,1800.0,37.0,5.4,0.28,7.63,30.2,17.58,58.2,0.25,0.22,0.19,1848511,9353971
2025-07-27 22:13:04,13.1,1800.0,35.54,5.4,0.28,7.63,30.2,17.58,58.2,0.21,0.21,0.18,1853775,9363088
2025-07-27 22:13:15,4.8,1800.0,36.51,5.4,0.28,7.63,30.2,17.58,58.2,0.18,0.2,0.18,1864933,9440498
2025-07-27 22:13:26,0.0,600.0,36.02,5.4,0.28,7.63,30.2,17.58,58.2,0.15,0.19,0.18,1868373,9448521
2025-07-27 22:13:37,0.0,600.0,35.05,5.4,0.28,7.63,30.2,17.58,58.2,0.2,0.2,0.18,1882507,9528524
2025-07-27 22:13:48,0.3,600.0,36.02,5.4,0.28,7.63,30.2,17.58,58.2,0.16,0.19,0.18,1883417,9529615
2025-07-27 22:13:59,0.0,600.0,37.48,5.4,0.28,7.63,30.2,17.58,58.2,0.13,0.19,0.18,1891365,9625615
2025-07-27 22:14:10,0.5,600.0,35.54,5.4,0.28,7.63,30.2,17.58,58.2,0.18,0.2,0.18,1894665,9627719
2025-07-27 22:14:21,0.5,600.0,36.51,5.4,0.28,7.63,30.2,17.58,58.2,0.23,0.21,0.18,1904364,9705827
2025-07-27 22:14:32,0.2,600.0,37.0,5.4,0.28,7.63,30.2,17.58,58.2,0.19,0.2,0.18,1910762,9712263
2025-07-27 22:14:43,0.2,600.0,36.02,5.4,0.28,7.63,30.2,17.58,58.2,0.22,0.21,0.18,1919407,9809078
2025-07-27 22:14:54,0.2,600.0,37.0,5.4,0.28,7.63,30.2,17.58,58.2,0.19,0.2,0.18,1921031,9810858
2025-07-27 22:15:05,0.2,1800.0,37.0,5.4,0.28,7.63,30.21,17.58,58.2,0.16,0.19,0.18,1934498,9896307
2025-07-27 22:15:16,0.0,1800.0,36.51,5.4,0.28,7.63,30.21,17.58,58.2,0.22,0.2,0.18,1935219,9896592
2025-07-27 22:15:27,0.0,1800.0,36.02,5.4,0.28,7.63,30.21,17.58,58.2,0.18,0.2,0.18,1946881,9997034
2025-07-27 22:15:38,3.8,1800.0,37.48,5.4,0.28,7.63,30.21,17.58,58.2,0.14,0.18,0.18,1948490,9998376
2025-07-27 22:15:49,12.9,1800.0,37.0,5.4,0.28,7.63,30.21,17.58,58.2,0.2,0.2,0.18,1956034,10075973
2025-07-27 22:16:00,9.2,1800.0,36.02,5.4,0.28,7.63,30.21,17.58,58.2,0.17,0.19,0.18,1957485,10077250
2025-07-27 22:16:11,0.0,600.0,36.51,5.4,0.28,7.63,30.21,17.58,58.2,0.14,0.18,0.18,1967305,10179500
2025-07-27 22:16:22,0.0,600.0,36.02,5.4,0.28,7.63,30.21,17.58,58.2,0.12,0.17,0.18,1968627,10180987
2025-07-27 22:16:33,0.0,600.0,36.02,5.4,0.28,7.63,30.21,17.58,58.2,0.24,0.2,0.18,1981205,10267951
2025-07-27 22:16:44,0.5,600.0,36.02,5.4,0.28,7.63,30.21,17.58,58.2,0.2,0.19,0.18,1982385,10268210
2025-07-27 22:16:55,0.7,600.0,36.51,5.4,0.28,7.63,30.21,17.58,58.2,0.25,0.2,0.18,1991052,10370418
2025-07-27 22:17:06,0.2,600.0,35.54,5.4,0.28,7.63,30.21,17.58,58.2,0.21,0.2,0.18,1995578,10378652
2025-07-27 22:17:17,1.0,600.0,36.02,5.4,0.28,7.63,30.21,17.58,58.2,0.17,0.19,0.18,2004675,10461564
2025-07-27 22:17:28,0.2,600.0,35.54,5.4,0.28,7.63,30.21,17.58,58.2,0.21,0.2,0.18,2006643,10465463
2025-07-27 22:17:39,0.3,600.0,36.02,5.4,0.28,7.63,30.21,17.58,58.2,0.25,0.2,0.18,2015698,10551914
2025-07-27 22:17:50,0.0,1800.0,36.51,5.4,0.28,7.63,30.21,17.58,58.2,0.21,0.2,0.18,2018845,10557302
2025-07-27 22:18:01,0.8,600.0,37.0,5.4,0.28,7.63,30.21,17.58,58.2,0.26,0.21,0.19,2027305,10660738
2025-07-27 22:18:12,0.0,1800.0,36.51,5.4,0.28,7.63,30.21,17.58,58.2,0.22,0.2,0.18,2029852,10661847
2025-07-27 22:18:23,0.2,600.0,36.02,5.4,0.28,7.63,30.21,17.58,58.2,0.24,0.21,0.18,2038092,10746742
2025-07-27 22:18:34,8.9,1800.0,37.0,5.4,0.28,7.63,30.21,17.58,58.2,0.29,0.22,0.19,2041893,10753483
2025-07-27 22:18:45,12.9,1800.0,37.48,5.4,0.28,7.63,30.21,17.58,58.2,0.24,0.21,0.18,2050456,10836009
2025-07-27 22:18:56,4.1,1800.0,36.51,5.4,0.28,7.63,30.21,17.58,58.2,0.2,0.2,0.18,2051247,10836218
2025-07-27 22:19:08,0.0,700.0,36.51,5.4,0.28,7.63,30.21,17.58,58.2,0.17,0.2,0.18,2062290,10924272
2025-07-27 22:19:19,1.3,600.0,35.54,5.4,0.28,7.63,30.21,17.58,58.2,0.2,0.2,0.18,2064972,10929485
2025-07-27 22:19:30,0.0,1800.0,36.02,5.4,0.28,7.63,30.21,17.58,58.2,0.17,0.19,0.18,2075107,11014186
2025-07-27 22:19:41,0.0,600.0,36.51,5.4,0.28,7.63,30.21,17.58,58.2,0.14,0.19,0.18,2076005,11014708
2025-07-27 22:19:52,0.2,1800.0,36.02,5.4,0.28,7.63,30.21,17.58,58.2,0.12,0.18,0.18,2084418,11115659
2025-07-27 22:20:03,0.0,600.0,36.51,5.4,0.28,7.63,30.21,17.58,58.2,0.1,0.17,0.17,2085501,11116345
2025-07-27 22:20:14,0.0,600.0,36.02,5.4,0.28,7.63,30.21,17.58,58.2,0.15,0.18,0.18,2097326,11221585
2025-07-27 22:20:25,0.2,600.0,36.51,5.4,0.28,7.63,30.21,17.58,58.2,0.13,0.18,0.17,2100908,11225734
2025-07-27 22:20:36,0.0,600.0,37.0,5.4,0.28,7.63,30.21,17.58,58.2,0.11,0.17,0.17,2111369,11313602
2025-07-27 22:20:47,0.0,1800.0,36.51,5.4,0.28,7.63,30.21,17.58,58.2,0.17,0.18,0.18,2112200,11313980
2025-07-27 22:20:58,0.0,1800.0,36.02,5.4,0.28,7.63,30.21,17.58,58.2,0.14,0.17,0.17,2120994,11415449
2025-07-27 22:21:09,0.0,1800.0,35.54,5.4,0.28,7.63,30.21,17.58,58.2,0.11,0.16,0.17,2124951,11423239
2025-07-27 22:21:20,6.6,1800.0,37.0,5.4,0.28,7.63,30.21,17.58,58.2,0.18,0.18,0.18,2135375,11511743
2025-07-27 22:21:31,13.2,1800.0,37.0,5.4,0.28,7.63,30.21,17.58,58.2,0.15,0.17,0.17,2137517,11512622
2025-07-27 22:21:42,17.4,1800.0,36.51,5.4,0.28,7.63,30.21,17.58,58.2,0.12,0.16,0.17,2145519,11592095
2025-07-27 22:21:53,0.0,600.0,35.54,5.4,0.28,7.63,30.21,17.58,58.2,0.1,0.16,0.17,2146380,11592383
2025-07-27 22:22:04,8.8,1800.0,36.02,5.4,0.28,7.63,30.21,17.58,58.2,0.31,0.2,0.18,2153970,11671290
2025-07-27 22:22:15,0.2,600.0,36.02,5.4,0.28,7.63,30.21,17.58,58.2,0.26,0.19,0.18,2157170,11672886
2025-07-27 22:22:26,8.3,1800.0,37.97,5.7,0.31,7.63,30.21,17.58,58.2,0.22,0.19,0.18,2165877,11773648
2025-07-27 22:22:37,0.0,600.0,36.51,5.4,0.28,7.63,30.21,17.58,58.2,0.26,0.2,0.18,2168844,11779444
2025-07-27 22:22:48,0.2,1800.0,36.51,5.7,0.31,7.63,30.21,17.58,58.2,0.22,0.19,0.18,2176124,11851017
2025-07-27 22:22:59,0.0,600.0,36.02,5.4,0.28,7.63,30.21,17.58,58.2,0.17,0.18,0.18,2178064,11860214
2025-07-27 22:23:10,0.2,1800.0,36.02,5.7,0.3,7.63,30.21,17.58,58.2,0.22,0.19,0.18,2188431,11932291
2025-07-27 22:23:21,0.2,600.0,36.02,5.4,0.28,7.63,30.21,17.58,58.2,0.19,0.18,0.18,2192569,11955513
2025-07-27 22:23:32,2.5,1800.0,35.54,5.7,0.31,7.63,30.21,17.58,58.2,0.24,0.19,0.18,2199720,12013470
2025-07-27 22:23:43,0.0,1800.0,35.54,5.4,0.28,7.63,30.21,17.58,58.2,0.2,0.19,0.18,2202842,12058951
2025-07-27 22:23:54,9.8,1800.0,36.02,5.7,0.3,7.63,30.21,17.58,58.2,0.24,0.19,0.18,2208588,12104597
2025-07-27 22:24:05,0.0,1800.0,37.0,5.4,0.28,7.63,30.21,17.58,58.2,0.28,0.2,0.19,2216284,12141371
2025-07-27 22:24:16,20.4,1800.0,37.0,5.7,0.31,7.63,30.21,17.58,58.2,0.24,0.2,0.18,2221352,12177996
2025-07-27 22:24:27,12.9,1800.0,35.54,5.4,0.28,7.63,30.21,17.58,58.2,0.2,0.19,0.18,2226511,12224188
2025-07-27 22:24:38,12.6,1800.0,36.51,5.7,0.3,7.63,30.21,17.58,58.2,0.17,0.18,0.18,2232841,12255283
2025-07-27 22:24:49,0.0,600.0,35.54,5.4,0.28,7.63,30.21,17.58,58.2,0.2,0.19,0.18,2237856,12312572
2025-07-27 22:25:00,2.0,1800.0,36.02,5.4,0.28,7.63,30.21,17.58,58.2,0.17,0.18,0.18,2239230,12313109
2025-07-27 22:25:11,0.2,600.0,36.02,5.4,0.28,7.63,30.21,17.58,58.2,0.14,0.18,0.18,2250258,12399815
2025-07-27 22:25:22,0.2,600.0,36.51,5.4,0.28,7.63,30.21,17.58,58.2,0.19,0.19,0.18,2252927,12407993
2025-07-27 22:25:33,0.2,600.0,36.02,5.4,0.28,7.63,30.21,17.58,58.2,0.16,0.18,0.18,2262326,12508782
2025-07-27 22:25:44,0.0,600.0,35.54,5.4,0.28,7.63,30.21,17.58,58.2,0.13,0.17,0.18,2263486,12509975
2025-07-27 22:25:55,0.0,600.0,37.0,5.4,0.28,7.63,30.21,17.58,58.2,0.18,0.18,0.18,2271876,12591972
2025-07-27 22:26:06,1.3,600.0,36.02,5.4,0.28,7.63,30.21,17.58,58.2,0.15,0.17,0.18,2277723,12604545
2025-07-27 22:26:17,0.0,1800.0,36.02,5.4,0.28,7.63,30.21,17.58,58.2,0.21,0.19,0.18,2285333,12704343
2025-07-27 22:26:28,0.5,1800.0,36.51,5.4,0.28,7.63,30.21,17.58,58.2,0.18,0.18,0.18,2286904,12704865
2025-07-27 22:26:39,0.0,1800.0,36.51,5.4,0.28,7.63,30.21,17.59,58.2,0.14,0.17,0.18,2295362,12785450
2025-07-27 22:26:50,0.0,1800.0,35.54,5.4,0.28,7.63,30.21,17.59,58.2,0.2,0.18,0.18,2296831,12786701
2025-07-27 22:27:01,5.5,1800.0,36.51,5.4,0.28,7.63,30.21,17.59,58.2,0.17,0.17,0.18,2304387,12867767
2025-07-27 22:27:12,12.9,1800.0,36.51,5.4,0.28,7.63,30.21,17.59,58.2,0.14,0.17,0.18,2310093,12881658
2025-07-27 22:27:23,8.4,1800.0,37.0,5.4,0.28,7.63,30.21,17.59,58.2,0.12,0.16,0.17,2319702,12988717
2025-07-27 22:27:34,0.2,600.0,35.54,5.4,0.28,7.63,30.21,17.59,58.2,0.16,0.17,0.18,2321825,12989818
2025-07-27 22:27:45,0.0,600.0,35.54,5.4,0.28,7.63,30.21,17.59,58.2,0.13,0.16,0.18,2332173,13071652
2025-07-27 22:27:56,0.2,600.0,36.02,5.4,0.28,7.63,30.21,17.59,58.2,0.11,0.16,0.17,2335423,13077427
2025-07-27 22:28:07,0.2,600.0,35.54,5.4,0.28,7.63,30.21,17.59,58.2,0.17,0.17,0.18,2345520,13160011
2025-07-27 22:28:18,0.3,600.0,35.05,5.4,0.28,7.63,30.21,17.59,58.2,0.14,0.16,0.18,2346461,13160901
2025-07-27 22:28:29,0.2,600.0,34.56,5.4,0.28,7.63,30.22,17.59,58.2,0.11,0.16,0.17,2355305,13242576
2025-07-27 22:28:40,0.2,600.0,35.54,5.4,0.28,7.63,30.22,17.59,58.2,0.17,0.17,0.18,2357065,13243425
2025-07-27 22:28:51,0.5,600.0,36.02,5.4,0.28,7.63,30.22,17.59,58.2,0.21,0.18,0.18,2365611,13325821
2025-07-27 22:29:02,0.0,600.0,36.02,5.4,0.28,7.63,30.22,17.59,58.2,0.18,0.17,0.18,2366554,13326749
2025-07-27 22:29:13,0.3,600.0,36.02,5.4,0.28,7.63,30.22,17.59,58.2,0.23,0.18,0.18,2379415,13420244
2025-07-27 22:29:24,0.0,1800.0,36.51,5.4,0.28,7.63,30.22,17.59,58.2,0.18,0.17,0.18,2382039,13427687
2025-07-27 22:29:35,0.2,1800.0,37.0,5.4,0.28,7.63,30.22,17.59,58.2,0.31,0.2,0.19,2391420,13529794
2025-07-27 22:29:46,0.0,1800.0,36.02,5.4,0.28,7.63,30.22,17.59,58.2,0.26,0.19,0.19,2392442,13530441
2025-07-27 22:29:57,9.7,1800.0,35.54,5.4,0.28,7.63,30.22,17.59,58.2,0.22,0.19,0.18,2400654,13608817
2025-07-27 22:30:08,13.6,1800.0,37.0,5.4,0.28,7.63,30.22,17.59,58.2,0.18,0.18,0.18,2403576,13610335
2025-07-27 22:30:19,3.0,1800.0,36.51,5.4,0.28,7.63,30.22,17.59,58.2,0.29,0.2,0.19,2412616,13691144
2025-07-27 22:30:30,0.2,600.0,35.54,5.4,0.28,7.63,30.22,17.59,58.2,0.24,0.2,0.18,2414998,13691769
2025-07-27 22:30:41,0.2,1800.0,36.02,5.4,0.28,7.63,30.22,17.59,58.2,0.2,0.19,0.18,2423613,13795134
2025-07-27 22:30:52,0.0,600.0,36.02,5.4,0.28,7.63,30.22,17.59,58.2,0.25,0.2,0.18,2424465,13795431
2025-07-27 22:31:03,0.0,1800.0,36.02,5.4,0.28,7.63,30.22,17.59,58.2,0.21,0.19,0.18,2432836,13896267
2025-07-27 22:31:15,0.2,600.0,35.05,5.4,0.28,7.63,30.22,17.59,58.2,0.16,0.18,0.18,2438232,13909193
2025-07-27 22:31:26,0.5,600.0,35.54,5.4,0.28,7.63,30.22,17.59,58.2,0.21,0.19,0.18,2450647,13995537
2025-07-27 22:31:37,0.2,600.0,36.02,5.4,0.28,7.63,30.22,17.59,58.2,0.18,0.19,0.18,2451931,13998054
2025-07-27 22:31:48,0.2,600.0,36.02,5.4,0.28,7.63,30.22,17.59,58.2,0.15,0.18,0.18,2461004,14078606
2025-07-27 22:31:59,0.0,800.0,35.05,5.4,0.28,7.63,30.22,17.59,58.2,0.45,0.24,0.2,2461876,14078914
2025-07-27 22:32:10,0.2,800.0,36.02,5.4,0.28,7.63,30.22,17.59,58.2,0.35,0.23,0.19,2471933,14181059
2025-07-27 22:32:21,0.0,1800.0,36.02,5.4,0.28,7.63,30.22,17.59,58.2,0.29,0.22,0.19,2473456,14181805
2025-07-27 22:32:32,0.2,1800.0,37.0,5.4,0.28,7.63,30.22,17.59,58.2,0.25,0.21,0.19,2482292,14260943
2025-07-27 22:32:43,5.1,1800.0,36.02,5.4,0.28,7.63,30.22,17.59,58.2,0.21,0.2,0.18,2483488,14261780
2025-07-27 22:32:54,12.9,1800.0,36.51,5.4,0.28,7.63,30.22,17.59,58.2,0.18,0.2,0.18,2497188,14365333
2025-07-27 22:33:05,7.9,1800.0,36.02,5.4,0.28,7.63,30.22,17.59,58.2,0.2,0.2,0.18,2498951,14366391
2025-07-27 22:33:16,0.0,1800.0,36.51,5.4,0.28,7.63,30.22,17.59,58.2,0.17,0.2,0.18,2511977,14457025
2025-07-27 22:33:27,0.0,600.0,36.02,5.4,0.28,7.63,30.22,17.59,58.2,0.15,0.19,0.18,2515307,14464517
2025-07-27 22:33:38,0.0,1800.0,36.02,5.4,0.28,7.63,30.22,17.59,58.2,0.2,0.2,0.18,2523899,14542075
2025-07-27 22:33:49,0.0,600.0,35.54,5.4,0.28,7.63,30.22,17.59,58.2,0.17,0.19,0.18,2525278,14543230
2025-07-27 22:34:00,0.5,1800.0,36.02,5.4,0.28,7.63,30.22,17.59,58.2,0.13,0.18,0.18,2534610,14643353
2025-07-27 22:34:11,0.0,600.0,35.54,5.4,0.28,7.63,30.22,17.59,58.2,0.18,0.19,0.18,2537538,14644552
2025-07-27 22:34:22,11.7,1800.0,36.51,5.4,0.28,7.63,30.22,17.59,58.2,0.23,0.2,0.18,2546441,14731773
2025-07-27 22:34:33,0.7,600.0,36.51,5.4,0.28,7.63,30.22,17.59,58.2,0.2,0.2,0.18,2548888,14732679
2025-07-27 22:34:44,8.8,600.0,36.51,5.4,0.28,7.63,30.22,17.59,58.2,0.25,0.21,0.19,2557431,14811084
2025-07-27 22:34:55,0.0,1800.0,36.02,5.4,0.28,7.63,30.22,17.59,58.2,0.19,0.2,0.18,2558883,14812932
2025-07-27 22:35:06,9.0,1800.0,36.51,5.4,0.28,7.63,30.22,17.59,58.2,0.16,0.19,0.18,2571850,14913328
2025-07-27 22:35:17,0.0,1800.0,36.02,5.4,0.28,7.63,30.22,17.59,58.2,0.22,0.2,0.18,2578374,14928079
2025-07-27 22:35:28,0.7,1800.0,36.51,5.7,0.3,7.63,30.22,17.59,58.2,0.18,0.19,0.18,2589307,15008031
2025-07-27 22:35:39,10.5,1800.0,35.54,5.4,0.28,7.63,30.22,17.59,58.2,0.16,0.18,0.18,2591570,15014621
2025-07-27 22:35:50,12.6,1800.0,35.54,5.7,0.3,7.63,30.22,17.59,58.2,0.12,0.17,0.18,2598121,15078463
2025-07-27 22:36:01,3.8,1800.0,36.51,5.4,0.28,7.63,30.23,17.6,58.2,0.1,0.17,0.17,2600832,15092729
2025-07-27 22:36:12,2.0,1800.0,36.51,5.7,0.31,7.63,30.23,17.6,58.2,0.08,0.16,0.17,2609327,15151145
2025-07-27 22:36:23,0.2,600.0,35.54,5.4,0.28,7.63,30.23,17.6,58.2,0.15,0.17,0.18,2612477,15174495
2025-07-27 22:36:34,6.5,1800.0,35.54,5.8,0.31,7.63,30.23,17.6,58.2,0.11,0.16,0.17,2619094,15222267
2025-07-27 22:36:45,0.2,600.0,36.51,5.4,0.28,7.63,30.23,17.6,58.2,0.1,0.16,0.17,2623046,15255353
2025-07-27 22:36:56,12.0,1800.0,36.02,5.8,0.31,7.63,30.23,17.6,58.2,0.15,0.17,0.17,2628121,15292254
2025-07-27 22:37:07,1.2,600.0,35.54,5.4,0.28,7.63,30.24,17.6,58.2,0.13,0.16,0.17,2636476,15341389
2025-07-27 22:37:18,9.8,1800.0,36.02,5.7,0.31,7.63,30.24,17.6,58.2,0.11,0.16,0.17,2643587,15377829
2025-07-27 22:37:29,0.0,600.0,36.02,5.4,0.28,7.63,30.24,17.6,58.2,0.16,0.17,0.17,2651070,15440916
2025-07-27 22:37:40,4.5,800.0,36.02,5.5,0.29,7.63,30.24,17.6,58.2,0.29,0.19,0.18,2652601,15442058
2025-07-27 22:37:51,0.0,1800.0,36.02,5.4,0.28,7.63,30.24,17.6,58.2,0.25,0.19,0.18,2663443,15526441
2025-07-27 22:38:02,0.0,1800.0,36.02,5.4,0.28,7.63,30.24,17.6,58.2,0.29,0.2,0.18,2664522,15527204
2025-07-27 22:38:13,0.0,1800.0,36.02,5.4,0.28,7.63,30.24,17.6,58.2,0.25,0.19,0.18,2675622,15626090
2025-07-27 22:38:24,5.6,1800.0,36.51,5.4,0.28,7.63,30.24,17.6,58.2,0.19,0.18,0.18,2676446,15626368
2025-07-27 22:38:35,12.9,1800.0,36.02,5.4,0.28,7.63,30.24,17.6,58.2,0.24,0.19,0.18,2685653,15702012
2025-07-27 22:38:46,7.4,1800.0,37.0,5.4,0.28,7.63,30.24,17.6,58.2,0.2,0.18,0.18,2687302,15703391
2025-07-27 22:38:57,0.5,600.0,36.02,5.4,0.28,7.63,30.24,17.6,58.2,0.25,0.19,0.18,2698915,15784220
2025-07-27 22:39:08,0.2,1800.0,36.02,5.4,0.28,7.63,30.24,17.6,58.2,0.21,0.19,0.18,2703328,15786048
2025-07-27 22:39:19,0.2,600.0,35.54,5.4,0.28,7.63,30.24,17.6,58.2,0.16,0.18,0.18,2715343,15894951
2025-07-27 22:39:30,0.7,600.0,36.02,5.4,0.28,7.63,30.24,17.6,58.2,0.14,0.17,0.18,2718746,15902517
2025-07-27 22:39:41,1.0,900.0,35.54,5.4,0.28,7.63,30.24,17.6,58.2,0.19,0.18,0.18,2736374,15982466
2025-07-27 22:39:52,0.0,600.0,36.51,5.4,0.28,7.63,30.24,17.6,58.2,0.16,0.18,0.18,2737485,15983082
2025-07-27 22:40:03,0.0,600.0,35.54,5.4,0.28,7.63,30.24,17.6,58.2,0.21,0.19,0.18,2745108,16058711
2025-07-27 22:40:14,0.5,600.0,35.54,5.4,0.28,7.63,30.24,17.6,58.2,0.23,0.19,0.18,2753224,16066123
2025-07-27 22:40:25,0.2,600.0,36.02,5.4,0.28,7.63,30.24,17.6,58.2,0.28,0.2,0.19,2762130,16163398
2025-07-27 22:40:36,0.0,1800.0,36.51,5.4,0.28,7.63,30.24,17.6,58.2,0.24,0.2,0.18,2768506,16165880
2025-07-27 22:40:47,0.0,1800.0,36.51,5.4,0.28,7.63,30.24,17.6,58.2,0.35,0.22,0.19,2776542,16242781
2025-07-27 22:40:58,0.0,1800.0,36.51,5.4,0.28,7.63,30.24,17.6,58.2,0.3,0.22,0.19,2777524,16243259
2025-07-27 22:41:09,1.3,1800.0,36.51,5.4,0.28,7.63,30.24,17.6,58.2,0.31,0.22,0.19,2792494,16329954
2025-07-27 22:41:20,10.8,1800.0,36.02,5.4,0.28,7.63,30.24,17.6,58.2,0.34,0.23,0.19,2798266,16338638
2025-07-27 22:41:31,12.6,1800.0,36.51,5.4,0.28,7.63,30.24,17.6,58.2,0.29,0.22,0.19,2810720,16442566
2025-07-27 22:41:42,2.3,1800.0,36.51,5.4,0.28,7.63,30.24,17.6,58.2,0.25,0.21,0.19,2813957,16444276
2025-07-27 22:41:53,0.5,600.0,36.51,5.4,0.28,7.63,30.24,17.6,58.2,0.21,0.21,0.18,2822629,16522489
2025-07-27 22:42:04,0.0,600.0,35.54,5.4,0.28,7.63,30.24,17.6,58.2,0.23,0.21,0.19,2823569,16523002
2025-07-27 22:42:15,0.0,600.0,36.02,5.4,0.28,7.63,30.24,17.6,58.2,0.19,0.2,0.18,2834997,16602766
2025-07-27 22:42:26,0.5,600.0,35.05,5.4,0.28,7.63,30.24,17.6,58.2,0.16,0.2,0.18,2840013,16606284
2025-07-27 22:42:37,0.0,600.0,36.51,5.4,0.28,7.63,30.24,17.6,58.2,0.14,0.19,0.18,2850799,16705307
2025-07-27 22:42:48,0.0,600.0,36.02,5.4,0.28,7.63,30.24,17.6,58.2,0.12,0.18,0.18,2853537,16708501
2025-07-27 22:43:00,0.0,600.0,36.51,5.4,0.28,7.63,30.24,17.6,58.2,0.16,0.19,0.18,2861698,16785233
2025-07-27 22:43:11,0.3,700.0,35.54,5.4,0.28,7.63,30.24,17.6,58.2,0.14,0.18,0.18,2869411,16794669
2025-07-27 22:43:22,0.0,600.0,36.02,5.4,0.28,7.63,30.24,17.6,58.2,0.12,0.18,0.18,2882863,16902428
2025-07-27 22:43:33,0.0,1800.0,36.02,5.4,0.28,7.63,30.24,17.6,58.2,0.18,0.19,0.18,2890459,16912895
2025-07-27 22:43:44,0.0,600.0,36.02,5.4,0.28,7.63,30.24,17.6,58.2,0.15,0.18,0.18,2899178,16992965
2025-07-27 22:43:55,0.0,1800.0,36.51,5.4,0.28,7.63,30.24,17.6,58.2,0.12,0.17,0.17,2900276,16993463
2025-07-27 22:44:06,5.8,600.0,36.02,5.4,0.28,7.63,30.24,17.6,58.2,0.18,0.18,0.18,2908274,17074324
2025-07-27 22:44:17,13.1,1800.0,37.0,5.4,0.28,7.63,30.24,17.6,58.2,0.15,0.18,0.18,2911233,17075718
2025-07-27 22:44:28,7.4,1800.0,37.0,5.4,0.28,7.63,30.24,17.6,58.2,0.13,0.17,0.17,2924665,17174352
2025-07-27 22:44:39,0.0,600.0,36.02,5.4,0.28,7.63,30.24,17.6,58.2,0.11,0.16,0.17,2926745,17175479
2025-07-27 22:44:50,0.0,1800.0,37.0,5.4,0.28,7.63,30.24,17.6,58.2,0.15,0.17,0.18,2934775,17249731
2025-07-27 22:45:01,1.0,600.0,35.54,5.4,0.28,7.63,30.24,17.6,58.2,0.13,0.17,0.17,2938469,17253029
2025-07-27 22:45:12,0.0,1800.0,36.51,5.4,0.28,7.63,30.24,17.6,58.2,0.11,0.16,0.17,2953471,17337858
2025-07-27 22:45:23,0.0,600.0,35.05,5.4,0.28,7.63,30.24,17.6,58.2,0.16,0.17,0.18,2956699,17344145
2025-07-27 22:45:34,0.0,1800.0,36.51,5.4,0.28,7.63,30.24,17.6,58.2,0.22,0.18,0.18,2973066,17454135
2025-07-27 22:45:45,0.2,600.0,36.51,5.4,0.28,7.63,30.24,17.6,58.2,0.17,0.17,0.18,2973840,17454274
2025-07-27 22:45:56,0.2,600.0,35.05,5.4,0.28,7.63,30.24,17.6,58.2,0.14,0.17,0.17,2981917,17531418
2025-07-27 22:46:07,0.2,600.0,34.56,5.4,0.28,7.63,30.24,17.6,58.2,0.12,0.16,0.17,2985075,17532934
2025-07-27 22:46:18,0.3,1800.0,35.54,5.4,0.28,7.63,30.24,17.6,58.2,0.18,0.17,0.18,2993524,17612147
2025-07-27 22:46:29,0.0,1800.0,35.54,5.4,0.28,7.63,30.24,17.6,58.2,0.15,0.17,0.17,2998656,17616196
2025-07-27 22:46:40,0.5,1800.0,36.02,5.4,0.28,7.63,30.24,17.6,58.2,0.12,0.16,0.17,3010460,17696159
2025-07-27 22:46:51,1.3,1800.0,36.02,5.4,0.28,7.63,30.24,17.6,58.2,0.18,0.17,0.18,3011251,17696368
2025-07-27 22:47:02,19.5,1800.0,37.0,5.4,0.28,7.63,30.24,17.6,58.2,0.15,0.16,0.17,3021750,17775525
2025-07-27 22:47:13,11.6,1800.0,36.02,5.4,0.28,7.63,30.24,17.6,58.2,0.13,0.16,0.17,3029281,17785035
2025-07-27 22:47:24,10.8,1800.0,36.02,5.4,0.28,7.63,30.24,17.6,58.2,0.11,0.15,0.17,3039664,17868394
2025-07-27 22:47:35,0.2,600.0,34.56,5.4,0.28,7.63,30.24,17.6,58.2,0.15,0.16,0.17,3046934,17877262
2025-07-27 22:47:46,8.5,1800.0,36.51,5.4,0.28,7.63,30.24,17.6,58.2,0.13,0.15,0.17,3056002,17974631
2025-07-27 22:47:57,0.0,600.0,35.54,5.4,0.28,7.63,30.24,17.6,58.2,0.11,0.15,0.17,3059604,17980098
2025-07-27 22:48:08,0.0,1800.0,35.54,5.7,0.3,7.63,30.24,17.6,58.2,0.16,0.16,0.17,3068428,18049921
2025-07-27 22:48:19,0.2,600.0,34.56,5.4,0.28,7.63,30.24,17.6,58.2,0.14,0.15,0.17,3069910,18056686
2025-07-27 22:48:30,0.2,1800.0,35.54,5.7,0.3,7.63,30.24,17.6,58.2,0.11,0.14,0.17,3078891,18120458
2025-07-27 22:48:41,0.5,600.0,36.02,5.4,0.28,7.63,30.24,17.6,58.2,0.39,0.21,0.19,3084249,18156278
2025-07-27 22:48:52,3.3,600.0,35.05,5.7,0.31,7.63,30.24,17.6,58.2,0.33,0.2,0.18,3090671,18210712
2025-07-27 22:49:03,0.0,1800.0,35.54,5.4,0.28,7.63,30.24,17.6,58.2,0.28,0.19,0.18,3093844,18256035
2025-07-27 22:49:14,9.5,1800.0,35.54,5.8,0.31,7.63,30.24,17.6,58.2,0.24,0.18,0.18,3103759,18308039
2025-07-27 22:49:25,0.0,1800.0,34.56,5.4,0.28,7.63,30.24,17.6,58.2,0.18,0.17,0.18,3111896,18352005
2025-07-27 22:49:36,9.7,1800.0,36.02,5.7,0.3,7.63,30.24,17.6,58.2,0.24,0.19,0.18,3122338,18393964
2025-07-27 22:49:47,6.6,1800.0,36.02,5.4,0.28,7.63,30.24,17.6,58.2,0.2,0.18,0.18,3128261,18457799
2025-07-27 22:49:58,19.3,1800.0,36.51,5.5,0.29,7.63,30.24,17.6,58.2,0.17,0.17,0.18,3132269,18479875
2025-07-27 22:50:09,6.6,1800.0,35.05,5.4,0.28,7.63,30.24,17.6,58.2,0.14,0.17,0.17,3139402,18537472
2025-07-27 22:50:20,2.5,700.0,35.05,5.4,0.28,7.63,30.24,17.6,58.2,0.18,0.17,0.18,3143842,18544237
2025-07-27 22:50:31,0.2,600.0,36.02,5.4,0.28,7.63,30.24,17.6,58.2,0.15,0.17,0.18,3152302,18620646
2025-07-27 22:50:42,0.2,600.0,36.51,5.4,0.28,7.63,30.24,17.6,58.2,0.13,0.16,0.17,3154218,18622120
2025-07-27 22:50:53,0.0,600.0,35.54,5.4,0.28,7.63,30.25,17.6,58.2,0.4,0.22,0.19,3162385,18718985
2025-07-27 22:51:04,0.5,600.0,35.54,5.4,0.28,7.63,30.25,17.6,58.2,0.34,0.21,0.19,3163268,18719382
2025-07-27 22:51:15,1.2,600.0,35.54,5.4,0.28,7.63,30.25,17.6,58.2,0.34,0.22,0.19,3174629,18804350
2025-07-27 22:51:26,0.5,600.0,35.05,5.4,0.28,7.63,30.25,17.6,58.2,0.36,0.23,0.19,3176442,18808052
2025-07-27 22:51:37,0.2,1800.0,36.02,5.4,0.28,7.63,30.25,17.6,58.2,0.3,0.22,0.19,3187727,18914831
2025-07-27 22:51:48,0.2,600.0,36.02,5.4,0.28,7.63,30.25,17.6,58.2,0.26,0.21,0.19,3188600,18915281
2025-07-27 22:51:59,0.2,1800.0,35.54,5.4,0.28,7.63,30.25,17.6,58.2,0.37,0.24,0.2,3196400,18992615
2025-07-27 22:52:10,0.0,1800.0,36.02,5.4,0.28,7.63,30.25,17.6,58.2,0.29,0.23,0.19,3199177,18993972
2025-07-27 22:52:21,0.0,1800.0,36.51,5.4,0.28,7.63,30.25,17.6,58.2,0.24,0.22,0.19,3206875,19074573
2025-07-27 22:52:32,1.8,1800.0,36.51,5.4,0.28,7.63,30.25,17.6,58.2,0.21,0.21,0.19,3209507,19075616
2025-07-27 22:52:43,11.8,1800.0,37.0,5.4,0.28,7.63,30.25,17.6,58.2,0.17,0.2,0.18,3217984,19156298
2025-07-27 22:52:54,11.3,1800.0,36.51,5.4,0.28,7.63,30.25,17.6,58.2,0.15,0.2,0.18,3218972,19156750
2025-07-27 22:53:05,1.5,1000.0,36.51,5.4,0.28,7.63,30.25,17.6,58.2,0.18,0.2,0.18,3227114,19234039
2025-07-27 22:53:16,1.5,600.0,35.54,5.4,0.28,7.63,30.25,17.6,58.2,0.15,0.2,0.18,3231880,19245147
2025-07-27 22:53:27,0.0,600.0,36.51,5.4,0.28,7.63,30.25,17.6,58.2,0.13,0.19,0.18,3241046,19325730
2025-07-27 22:53:38,0.2,600.0,35.54,5.4,0.28,7.63,30.25,17.6,58.2,0.18,0.2,0.18,3244359,19333910
2025-07-27 22:53:49,0.2,600.0,35.05,5.4,0.28,7.63,30.25,17.6,58.2,0.15,0.19,0.18,3252884,19430693
2025-07-27 22:54:00,0.5,700.0,36.51,5.4,0.28,7.63,30.25,17.6,58.2,0.12,0.18,0.18,3256303,19434574
2025-07-27 22:54:11,0.2,600.0,35.54,5.4,0.28,7.63,30.25,17.6,58.2,0.17,0.19,0.18,3265746,19510774
2025-07-27 22:54:22,0.0,600.0,35.54,5.4,0.28,7.63,30.25,17.6,58.2,0.15,0.19,0.18,3267157,19511084
2025-07-27 22:54:33,0.2,600.0,36.02,5.4,0.28,7.63,30.25,17.6,58.2,0.12,0.18,0.18,3276275,19588388
2025-07-27 22:54:44,0.0,1800.0,37.0,5.4,0.28,7.63,30.25,17.6,58.2,0.18,0.19,0.18,3277248,19588717
2025-07-27 22:54:55,0.5,700.0,35.05,5.4,0.28,7.63,30.25,17.61,58.2,0.14,0.18,0.18,3285464,19685169
2025-07-27 22:55:07,0.0,1800.0,36.51,5.4,0.28,7.63,30.25,17.61,58.2,0.12,0.17,0.18,3286354,19685444
2025-07-27 22:55:18,0.0,1800.0,35.54,5.4,0.28,7.63,30.25,17.61,58.2,0.18,0.18,0.18,3297234,19767026
2025-07-27 22:55:29,6.6,1800.0,35.54,5.4,0.28,7.63,30.25,17.61,58.2,0.15,0.18,0.18,3298726,19767086
2025-07-27 22:55:40,12.9,1800.0,36.51,5.4,0.28,7.63,30.25,17.61,58.2,0.13,0.17,0.18,3308537,19849116
2025-07-27 22:55:51,6.3,1800.0,36.51,5.4,0.28,7.63,30.25,17.61,58.2,0.1,0.16,0.17,3309249,19849176
2025-07-27 22:56:02,0.2,600.0,35.05,5.4,0.28,7.63,30.25,17.61,58.2,0.08,0.16,0.17,3317868,19945663
2025-07-27 22:56:13,0.5,600.0,35.54,5.4,0.28,7.63,30.25,17.61,58.2,0.07,0.15,0.17,3320743,19946031
2025-07-27 22:56:24,0.2,1800.0,36.51,5.4,0.28,7.63,30.25,17.61,58.2,0.29,0.2,0.18,3329116,20023560
2025-07-27 22:56:35,0.0,600.0,34.56,5.4,0.28,7.63,30.25,17.61,58.2,0.25,0.19,0.18,3331132,20024044
2025-07-27 22:56:46,0.2,1800.0,36.02,5.4,0.28,7.63,30.25,17.61,58.2,0.19,0.18,0.18,3339386,20119149
2025-07-27 22:56:57,0.2,600.0,35.54,5.4,0.28,7.63,30.25,17.61,58.2,0.24,0.19,0.18,3340683,20120382
2025-07-27 22:57:08,0.3,600.0,35.54,5.4,0.28,7.63,30.25,17.61,58.2,0.2,0.18,0.18,3351000,20199449
2025-07-27 22:57:19,0.0,600.0,35.05,5.4,0.28,7.63,30.25,17.61,58.2,0.17,0.18,0.18,3353307,20205776
2025-07-27 22:57:30,0.0,600.0,36.02,5.4,0.28,7.63,30.25,17.61,58.2,0.3,0.2,0.19,3362097,20286242
2025-07-27 22:57:41,0.2,1800.0,36.02,5.4,0.28,7.63,30.25,17.61,58.2,0.24,0.19,0.18,3365338,20294014
2025-07-27 22:57:52,0.2,1800.0,35.54,5.4,0.28,7.63,30.25,17.61,58.2,0.2,0.19,0.18,3375088,20396961
2025-07-27 22:58:03,0.0,1800.0,35.54,5.4,0.28,7.63,30.25,17.61,58.2,0.25,0.2,0.18,3376331,20397331
2025-07-27 22:58:14,2.3,1800.0,36.51,5.4,0.28,7.63,30.25,17.61,58.2,0.29,0.21,0.19,3384323,20475555
2025-07-27 22:58:25,11.8,1800.0,37.0,5.4,0.28,7.63,30.25,17.61,58.2,0.25,0.2,0.18,3385049,20475735
2025-07-27 22:58:36,10.8,1800.0,37.0,5.4,0.28,7.63,30.25,17.61,58.2,0.27,0.21,0.19,3393976,20552578
2025-07-27 22:58:47,1.3,800.0,35.54,5.4,0.28,7.63,30.25,17.61,58.2,0.23,0.2,0.18,3394888,20552908
2025-07-27 22:58:58,0.0,1800.0,36.02,5.4,0.28,7.63,30.25,17.61,58.2,0.19,0.19,0.18,3403233,20653516
2025-07-27 22:59:09,0.2,600.0,35.05,5.4,0.28,7.63,30.25,17.61,58.2,0.24,0.2,0.18,3404007,20653726
2025-07-27 22:59:20,0.5,1800.0,36.02,5.4,0.28,7.63,30.25,17.61,58.2,0.2,0.2,0.18,3413588,20740293
2025-07-27 22:59:31,0.2,600.0,36.51,5.4,0.28,7.63,30.25,17.61,58.2,0.16,0.18,0.18,3414870,20740353
2025-07-27 22:59:42,8.7,1800.0,35.54,5.4,0.28,7.63,30.25,17.61,58.2,0.21,0.2,0.18,3424700,20827146
2025-07-27 22:59:53,0.2,600.0,36.02,5.4,0.28,7.63,30.25,17.61,58.2,0.17,0.19,0.18,3425785,20827445
2025-07-27 23:00:04,10.5,1800.0,36.51,5.4,0.28,7.63,30.25,17.61,58.2,0.15,0.18,0.18,3434995,20930148
2025-07-27 23:00:15,0.2,600.0,36.51,5.4,0.28,7.63,30.25,17.61,58.2,0.2,0.19,0.18,3437379,20933880
2025-07-27 23:00:26,8.7,1800.0,36.02,5.5,0.29,7.63,30.25,17.61,58.2,0.16,0.18,0.18,3445573,21011525
2025-07-27 23:00:37,0.0,1800.0,35.54,5.4,0.28,7.63,30.25,17.61,58.2,0.13,0.17,0.18,3447634,21012011
2025-07-27 23:00:48,0.0,1800.0,36.02,5.7,0.3,7.63,30.25,17.61,58.2,0.19,0.19,0.18,3455258,21083788
2025-07-27 23:00:59,0.0,1800.0,35.54,5.4,0.28,7.63,30.25,17.61,58.2,0.16,0.18,0.18,3456817,21091039
2025-07-27 23:01:10,7.6,1800.0,35.54,5.7,0.31,7.63,30.25,17.61,58.2,0.14,0.17,0.18,3463323,21155339
2025-07-27 23:01:21,12.7,1800.0,36.51,5.4,0.28,7.63,30.25,17.61,58.2,0.19,0.18,0.18,3467119,21176324
2025-07-27 23:01:32,7.1,1800.0,34.56,5.8,0.31,7.63,30.25,17.61,58.2,0.16,0.17,0.18,3475772,21235720
2025-07-27 23:01:43,0.0,600.0,35.05,5.4,0.28,7.63,30.25,17.61,58.2,0.13,0.17,0.18,3481539,21265247
2025-07-27 23:01:54,6.2,1800.0,36.51,5.7,0.31,7.63,30.25,17.61,58.2,0.11,0.16,0.17,3486582,21312947
2025-07-27 23:02:05,0.0,600.0,35.05,5.4,0.28,7.63,30.25,17.61,58.2,0.24,0.19,0.18,3490044,21345550
2025-07-27 23:02:16,11.5,1800.0,36.02,5.7,0.31,7.63,30.25,17.61,58.2,0.19,0.18,0.18,3494365,21383251
2025-07-27 23:02:27,0.0,600.0,34.56,5.4,0.28,7.63,30.25,17.61,58.2,0.23,0.19,0.18,3498577,21425961
2025-07-27 23:02:38,9.3,1800.0,35.05,5.7,0.3,7.63,30.25,17.61,58.2,0.2,0.18,0.18,3503913,21454256
2025-07-27 23:02:49,0.0,600.0,35.54,5.4,0.28,7.63,30.25,17.61,58.2,0.17,0.18,0.18,3508697,21507730
2025-07-27 23:03:00,5.0,1800.0,35.54,5.5,0.29,7.63,30.25,17.61,58.2,0.22,0.19,0.18,3509519,21507970
2025-07-27 23:03:11,0.0,600.0,35.54,5.4,0.28,7.63,30.25,17.61,58.2,0.24,0.19,0.18,3517376,21589045
2025-07-27 23:03:22,0.0,1800.0,35.54,5.4,0.28,7.63,30.25,17.61,58.2,0.2,0.19,0.18,3519815,21596298
2025-07-27 23:03:33,0.0,1800.0,36.02,5.4,0.28,7.63,30.25,17.61,58.2,0.25,0.2,0.18,3529482,21677363
2025-07-27 23:03:44,0.2,1800.0,35.54,5.4,0.28,7.63,30.25,17.61,58.2,0.21,0.19,0.18,3531879,21685133
2025-07-27 23:03:55,3.0,1800.0,36.02,5.4,0.28,7.63,30.25,17.61,58.2,0.25,0.2,0.18,3540018,21785090
2025-07-27 23:04:06,12.9,1800.0,36.51,5.4,0.28,7.63,30.25,17.61,58.2,0.28,0.21,0.19,3540660,21785150
2025-07-27 23:04:17,9.7,1800.0,36.02,5.4,0.28,7.63,30.26,17.61,58.2,0.23,0.2,0.18,3548378,21864184
2025-07-27 23:04:28,0.3,600.0,34.56,5.4,0.28,7.63,30.26,17.61,58.2,0.2,0.19,0.18,3550039,21864314
2025-07-27 23:04:39,0.3,600.0,35.54,5.4,0.28,7.63,30.26,17.61,58.2,0.17,0.19,0.18,3558976,21965647
2025-07-27 23:04:50,0.0,600.0,35.05,5.4,0.28,7.63,30.26,17.61,58.2,0.21,0.2,0.18,3560046,21966838
2025-07-27 23:05:01,0.8,600.0,35.05,5.4,0.28,7.63,30.26,17.61,58.2,0.23,0.2,0.18,3567764,22046090
2025-07-27 23:05:12,0.0,600.0,36.02,5.4,0.28,7.63,30.26,17.61,58.2,0.2,0.2,0.18,3568951,22046787
2025-07-27 23:05:23,0.2,600.0,34.56,5.4,0.28,7.63,30.26,17.61,58.2,0.17,0.19,0.18,3583249,22161069
2025-07-27 23:05:34,0.2,600.0,34.08,5.4,0.28,7.63,30.26,17.61,58.2,0.21,0.2,0.18,3585227,22161660
2025-07-27 23:05:45,0.0,600.0,35.05,5.4,0.28,7.63,30.26,17.61,58.2,0.24,0.21,0.18,3594288,22251449
2025-07-27 23:05:56,0.0,600.0,37.0,5.4,0.28,7.63,30.26,17.61,58.2,0.2,0.2,0.18,3595621,22252782
2025-07-27 23:06:07,0.0,600.0,35.54,5.4,0.28,7.63,30.26,17.61,58.2,0.17,0.19,0.18,3603200,22329957
2025-07-27 23:06:18,0.0,1800.0,35.05,5.4,0.28,7.63,30.26,17.61,58.2,0.22,0.2,0.18,3604270,22330017
